experiment,experiment_label,model,optimizer,seed,first_fitness,best_fitness,total_evaluations,total_runtime_minutes,eval_to_95pct_final,time_to_95pct_final_minutes,auc_progress
exp1_mcc_f1,Exp 1 - Holdout + MCC/F1,cnn,de,1,0.3795411526243476,0.4050826021422286,1000,4.370229009132556,151,0.6538760335166746,0.9712998172538364
exp1_mcc_f1,Exp 1 - Holdout + MCC/F1,cnn,de,2,0.2434952208157897,0.4060880972848101,1000,7.132473624184604,2,0.008346196366680185,0.9907661581160822
exp1_mcc_f1,Exp 1 - Holdout + MCC/F1,cnn,de,3,0.3967966083466807,0.4064803774307528,1000,2.783406977663253,188,0.5552978485497987,0.9170013501947113
exp1_mcc_f1,Exp 1 - Holdout + MCC/F1,cnn,ga,1,0.3684713775444648,0.4050558481708901,1000,9.819663800350675,140,1.2355926635840053,0.9809942227408472
exp1_mcc_f1,Exp 1 - Holdout + MCC/F1,cnn,ga,2,0.3970914112070025,0.4042469599603073,1000,3.782731878090816,10,0.03894401554995662,0.9921984707710092
exp1_mcc_f1,Exp 1 - Holdout + MCC/F1,cnn,ga,3,0.3909677914432072,0.4016084275309138,1000,3.443823564376331,4,0.014396434466683178,0.9741583245555572
exp1_mcc_f1,Exp 1 - Holdout + MCC/F1,cnn,gwo,1,0.3795411526243476,0.4071926233964875,1000,3.962645130184076,360,1.3078241129004404,0.9483904260817975
exp1_mcc_f1,Exp 1 - Holdout + MCC/F1,cnn,gwo,2,0.2434952208157897,0.4135436715881966,1000,7.599964118716495,207,1.2562217812162695,0.9826538243917657
exp1_mcc_f1,Exp 1 - Holdout + MCC/F1,cnn,gwo,3,0.3967966083466807,0.406374067144143,1000,5.277770726450035,280,1.4781863214334103,0.9147484748376706
exp1_mcc_f1,Exp 1 - Holdout + MCC/F1,cnn,pso,1,0.3795411526243476,0.4072631865270627,1000,3.223338506900745,200,0.6631775960005445,0.9590118466489698
exp1_mcc_f1,Exp 1 - Holdout + MCC/F1,cnn,pso,2,0.2434952208157897,0.4133384054954492,1000,9.056836596582343,30,0.20089398601661135,0.9754345951950436
exp1_mcc_f1,Exp 1 - Holdout + MCC/F1,cnn,pso,3,0.3967966083466807,0.4084226341156506,1000,3.7513231608673165,434,1.6132195242502043,0.765521475106085
exp1_mcc_f1,Exp 1 - Holdout + MCC/F1,cnn,random_search,1,0.3684713775444648,0.4072905354522074,1000,4.4363431930995825,262,1.07736559916666,0.9583951210556274
exp1_mcc_f1,Exp 1 - Holdout + MCC/F1,cnn,random_search,2,0.3970914112070025,0.4084000706015724,1000,4.355148438732976,708,3.05789692308308,0.83552369867353
exp1_mcc_f1,Exp 1 - Holdout + MCC/F1,cnn,random_search,3,0.3909677914432072,0.4050280401239825,1000,4.323462141499536,73,0.2872037941665136,0.9745463959937732
exp1_mcc_f1,Exp 1 - Holdout + MCC/F1,mlp,de,1,0.4173181120514199,0.4269327388612953,1000,1.699197247967504,102,0.14633482196668401,0.9403313537482155
exp1_mcc_f1,Exp 1 - Holdout + MCC/F1,mlp,de,2,0.388235594184995,0.428973791330185,1000,2.370823237583715,175,0.3090175379999739,0.9777611175870574
exp1_mcc_f1,Exp 1 - Holdout + MCC/F1,mlp,de,3,0.360636592293535,0.4271463850311338,1000,1.9337906759007857,52,0.14280432369998453,0.9909934871880153
exp1_mcc_f1,Exp 1 - Holdout + MCC/F1,mlp,ga,1,0.4091910199197684,0.4239886294505813,1000,2.479562751549341,12,0.030420970683330013,0.9761722380110183
exp1_mcc_f1,Exp 1 - Holdout + MCC/F1,mlp,ga,2,0.373490090943546,0.426345069393002,1000,1.1169883417158737,39,0.05844008638332522,0.9937727011553129
exp1_mcc_f1,Exp 1 - Holdout + MCC/F1,mlp,ga,3,0.307109083634541,0.4308931815649963,1000,2.326365309033176,392,1.415714541583389,0.952805933400952
exp1_mcc_f1,Exp 1 - Holdout + MCC/F1,mlp,gwo,1,0.4173181120514199,0.4293012877060767,1000,1.7300386388333657,879,1.5371166775000302,0.7988536408021079
exp1_mcc_f1,Exp 1 - Holdout + MCC/F1,mlp,gwo,2,0.388235594184995,0.4281958847471513,1000,1.8473729199334792,412,0.8307801046833558,0.9507816501692026
exp1_mcc_f1,Exp 1 - Holdout + MCC/F1,mlp,gwo,3,0.360636592293535,0.4279245771271534,1000,1.6778342959334123,36,0.06073287946668413,0.981145742492187
exp1_mcc_f1,Exp 1 - Holdout + MCC/F1,mlp,pso,1,0.4173181120514199,0.4275997414089792,1000,1.6713878942500602,162,0.3035520177166763,0.9238037318555579
exp1_mcc_f1,Exp 1 - Holdout + MCC/F1,mlp,pso,2,0.388235594184995,0.4267058061482445,1000,1.5435185180499913,142,0.17829613170000008,0.9598664647848419
exp1_mcc_f1,Exp 1 - Holdout + MCC/F1,mlp,pso,3,0.360636592293535,0.428973791330185,1000,1.6731557936833281,62,0.11863263441666348,0.9820781830746081
exp1_mcc_f1,Exp 1 - Holdout + MCC/F1,mlp,random_search,1,0.4091910199197684,0.4358607931230995,1000,2.076960044916667,447,0.9184027139499984,0.8926304992817966
exp1_mcc_f1,Exp 1 - Holdout + MCC/F1,mlp,random_search,2,0.373490090943546,0.4343459116259165,1000,2.0574030904166674,909,1.8647653668500035,0.9293219629427039
exp1_mcc_f1,Exp 1 - Holdout + MCC/F1,mlp,random_search,3,0.307109083634541,0.4358199090498525,1000,2.0997956181000026,678,1.4532757421666764,0.9468161633318005
exp1_mcc_f1,Exp 1 - Holdout + MCC/F1,rf,de,1,0.3989583639513947,0.4199413137851664,1000,160.51520444248132,21,1.5719702574666372,0.9895450982374452
exp1_mcc_f1,Exp 1 - Holdout + MCC/F1,rf,de,2,0.3987699196739509,0.4243948794614969,1000,26.338907928562765,175,5.96362276034982,0.9678837309908144
exp1_mcc_f1,Exp 1 - Holdout + MCC/F1,rf,de,3,0.4022398640163851,0.4225605519313082,1000,78.42057163376694,370,46.84287814736669,0.9462159252882705
exp1_mcc_f1,Exp 1 - Holdout + MCC/F1,rf,ga,1,0.4018992724481556,0.4197825061213807,1000,18.400875445274142,595,11.454386980521182,0.8618588842560349
exp1_mcc_f1,Exp 1 - Holdout + MCC/F1,rf,ga,2,0.3928101731931146,0.4170517364704259,1000,41.60686387650958,696,25.155267318205063,0.9446265299530558
exp1_mcc_f1,Exp 1 - Holdout + MCC/F1,rf,ga,3,0.4116065632123993,0.4157401268488981,1000,52.9843744761815,209,13.618547183163749,0.7922922922922923
exp1_mcc_f1,Exp 1 - Holdout + MCC/F1,rf,gwo,1,0.3989583639513947,0.425330791645088,1000,42.720839961832766,296,17.31705262230001,0.9390580939430675
exp1_mcc_f1,Exp 1 - Holdout + MCC/F1,rf,gwo,2,0.3987699196739509,0.4210222203407884,1000,60.028093653099496,69,3.52308159673333,0.9774866199095111
exp1_mcc_f1,Exp 1 - Holdout + MCC/F1,rf,gwo,3,0.4022398640163851,0.4233754481269407,1000,51.26436957343382,140,6.846676216249883,0.9598451708224006
exp1_mcc_f1,Exp 1 - Holdout + MCC/F1,rf,pso,1,0.3989583639513947,0.4214655918521407,1000,23.57538131407767,35,1.9276149791000232,0.984550353822423
exp1_mcc_f1,Exp 1 - Holdout + MCC/F1,rf,pso,2,0.3987699196739509,0.4227524779319299,1000,41.614366500898996,175,5.585874444966643,0.9697585172554846
exp1_mcc_f1,Exp 1 - Holdout + MCC/F1,rf,pso,3,0.4022398640163851,0.4204013975352927,1000,177.7309495552681,61,7.57582278263335,0.9783012348206556
exp1_mcc_f1,Exp 1 - Holdout + MCC/F1,rf,random_search,1,0.4081074981703636,0.4189866589776466,1000,87.12354835968186,301,26.54463443559968,0.9259547935273499
exp1_mcc_f1,Exp 1 - Holdout + MCC/F1,rf,random_search,2,0.3983177829087202,0.4207699027005145,1000,85.82112281950073,619,55.57373753226778,0.878889614963625
exp1_mcc_f1,Exp 1 - Holdout + MCC/F1,rf,random_search,3,0.409011216998372,0.4206495240658876,1000,83.99586134766669,776,65.83045412965002,0.6685676837529556
exp1_mcc_f1,Exp 1 - Holdout + MCC/F1,svm,de,1,0.2415186747857823,0.4281156784289721,1000,5.397875297983196,5,1.2921753299666459,0.9980591988368143
exp1_mcc_f1,Exp 1 - Holdout + MCC/F1,svm,de,2,0.3803071167015543,0.4488860733177172,1000,4.1689941816647655,171,0.7612069429665855,0.972352272857112
exp1_mcc_f1,Exp 1 - Holdout + MCC/F1,svm,de,3,0.2766891157940473,0.4351915092327926,1000,4.050364659103918,53,0.2109234832500533,0.9927942400829176
exp1_mcc_f1,Exp 1 - Holdout + MCC/F1,svm,ga,1,0.428042852404086,0.4289440598729244,1000,418.92754252712695,815,367.1613042030704,0.1856856856856857
exp1_mcc_f1,Exp 1 - Holdout + MCC/F1,svm,ga,2,0.4227923661735978,0.4279702358330778,1000,189.66280337178407,780,143.94152097136842,0.7661293207645348
exp1_mcc_f1,Exp 1 - Holdout + MCC/F1,svm,ga,3,0.400422337507737,0.4275541695372213,1000,236.8515655120596,3,0.7762171550499867,0.9963806639406128
exp1_mcc_f1,Exp 1 - Holdout + MCC/F1,svm,gwo,1,0.2415186747857823,0.4541257904237485,1000,4.134479403283467,75,0.28767756463334987,0.9743479148072027
exp1_mcc_f1,Exp 1 - Holdout + MCC/F1,svm,gwo,2,0.3803071167015543,0.4508915085807932,1000,4.50935808183358,411,1.8284063391833871,0.9347895949053459
exp1_mcc_f1,Exp 1 - Holdout + MCC/F1,svm,pso,1,0.428042852404086,0.4442612664026888,1000,674.6854905442841,225,126.90887778300021,0.9153419165521703
exp1_mcc_f1,Exp 1 - Holdout + MCC/F1,svm,pso,2,0.3803071167015543,0.4492207336688002,1000,768.4045433031006,228,132.16467358755023,0.9481721966377412
exp1_mcc_f1,Exp 1 - Holdout + MCC/F1,svm,pso,3,0.2766891157940473,0.4436895753321895,1000,752.0454355428515,32,22.598325160150004,0.9950269166723558
exp1_mcc_f1,Exp 1 - Holdout + MCC/F1,svm,random_search,1,0.428042852404086,0.4489119110513445,1000,426.2357181814154,501,217.45222704409935,0.5401788561652715
exp1_mcc_f1,Exp 1 - Holdout + MCC/F1,svm,random_search,2,0.4227923661735978,0.4359075386162145,1000,421.9851124122825,956,403.13778475298227,0.7906833705971957
exp1_mcc_f1,Exp 1 - Holdout + MCC/F1,svm,random_search,3,0.400422337507737,0.439305643650698,1000,419.7703353769672,351,145.23188817476645,0.9584339677635884
exp2_holdout_accuracy,Exp 2 - Holdout + Accuracy,cnn,de,1,0.6280679939182484,0.6382525823879338,1000,3.1972684072021966,123,0.511970896499406,0.9837928355984565
exp2_holdout_accuracy,Exp 2 - Holdout + Accuracy,cnn,de,2,0.511324891161748,0.6393375275822464,1000,2.222741778436163,2,0.00781794106660527,0.9979963730514402
exp2_holdout_accuracy,Exp 2 - Holdout + Accuracy,cnn,de,3,0.6355735265431812,0.6379648028073877,1000,3.0509950459378152,85,0.26059261469987777,0.9608864806755533
exp2_holdout_accuracy,Exp 2 - Holdout + Accuracy,cnn,ga,1,0.619898524243665,0.6381198390934223,1000,8.428932272179917,140,1.1898148853133534,0.9865575891019912
exp2_holdout_accuracy,Exp 2 - Holdout + Accuracy,cnn,ga,2,0.6353299800223327,0.6383190202083174,1000,6.696808504564674,994,6.645423339064715,0.6005688393236626
exp2_holdout_accuracy,Exp 2 - Holdout + Accuracy,cnn,ga,3,0.6328944706984286,0.6370791269588072,1000,4.295757462604827,4,0.01506282998325332,0.9981754229288238
exp2_holdout_accuracy,Exp 2 - Holdout + Accuracy,cnn,gwo,1,0.6280679939182484,0.6406216980068726,1000,3.76732479575027,641,2.3189475390496828,0.8551621494224022
exp2_holdout_accuracy,Exp 2 - Holdout + Accuracy,cnn,gwo,2,0.511324891161748,0.6403117136656407,1000,3.6274309931485424,2,0.009122038299998773,0.9925926931657502
exp2_holdout_accuracy,Exp 2 - Holdout + Accuracy,cnn,gwo,3,0.6355735265431812,0.6397361103891297,1000,3.3714471815833043,156,0.6024667972667277,0.9027853444287522
exp2_holdout_accuracy,Exp 2 - Holdout + Accuracy,cnn,pso,1,0.6280679939182484,0.6387617919594797,1000,3.208416466547896,75,0.24167777168319535,0.9777386270851054
exp2_holdout_accuracy,Exp 2 - Holdout + Accuracy,cnn,pso,2,0.511324891161748,0.6397581828035599,1000,6.348672587417059,2,0.008760733266656945,0.9927215041620905
exp2_holdout_accuracy,Exp 2 - Holdout + Accuracy,cnn,pso,3,0.6355735265431812,0.6377212121711204,1000,2.801179481051561,54,0.17186679155001908,0.9678906773942723
exp2_holdout_accuracy,Exp 2 - Holdout + Accuracy,cnn,random_search,1,0.619898524243665,0.6390054267111653,1000,4.34689084624994,295,1.2359587892329726,0.9557574440760864
exp2_holdout_accuracy,Exp 2 - Holdout + Accuracy,cnn,random_search,2,0.6353299800223327,0.6401346049651757,1000,4.204152702649844,708,2.9399949482172203,0.7337119984175176
exp2_holdout_accuracy,Exp 2 - Holdout + Accuracy,cnn,random_search,3,0.6328944706984286,0.6386290486649682,1000,4.210768935964733,175,0.6966640317155299,0.9600089600358835
exp2_holdout_accuracy,Exp 2 - Holdout + Accuracy,mlp,de,1,0.645514568492018,0.6495221601673504,1000,2.0935256845008055,340,0.7957998818500298,0.9104677017677411
exp2_holdout_accuracy,Exp 2 - Holdout + Accuracy,mlp,de,2,0.6222016431964061,0.648902191484886,1000,1.9079299035321873,24,0.04684187675000731,0.9934700871924983
exp2_holdout_accuracy,Exp 2 - Holdout + Accuracy,mlp,de,3,0.6191896041722009,0.649322890821618,1000,2.2197278303998544,79,0.22000498201668198,0.9858141065297467
exp2_holdout_accuracy,Exp 2 - Holdout + Accuracy,mlp,ga,1,0.6418170935041737,0.647485189534911,1000,3.2008516243505647,12,0.0375564572333341,0.9964964809146933
exp2_holdout_accuracy,Exp 2 - Holdout + Accuracy,mlp,ga,2,0.6173967976764703,0.648481492148154,1000,1.746289765867061,56,0.10232995888335188,0.984254681472953
exp2_holdout_accuracy,Exp 2 - Holdout + Accuracy,mlp,ga,3,0.5810425017500954,0.6491236655913043,1000,2.913339650817139,265,1.4089088135668286,0.9762256077021682
exp2_holdout_accuracy,Exp 2 - Holdout + Accuracy,mlp,gwo,1,0.645514568492018,0.6492785695310832,1000,2.244572676250053,670,1.5790088769333612,0.870687422131965
exp2_holdout_accuracy,Exp 2 - Holdout + Accuracy,mlp,gwo,2,0.6222016431964061,0.6496107145175829,1000,2.0728880820333826,229,0.4149489769166733,0.9642434893868557
exp2_holdout_accuracy,Exp 2 - Holdout + Accuracy,mlp,gwo,3,0.6191896041722009,0.6491457821211531,1000,1.9774206107166143,30,0.06441321550000034,0.9881075011263514
exp2_holdout_accuracy,Exp 2 - Holdout + Accuracy,mlp,pso,1,0.645514568492018,0.6492786136465019,1000,2.0866776587333495,231,0.488894074416699,0.9294768695123425
exp2_holdout_accuracy,Exp 2 - Holdout + Accuracy,mlp,pso,2,0.6222016431964061,0.6492121758261182,1000,1.9560302855833254,114,0.19260343898332424,0.9792739085166872
exp2_holdout_accuracy,Exp 2 - Holdout + Accuracy,mlp,pso,3,0.6191896041722009,0.6492121758261182,1000,2.287109060150038,17,0.05033732013333367,0.9910068710938397
exp2_holdout_accuracy,Exp 2 - Holdout + Accuracy,mlp,random_search,1,0.6418170935041737,0.6505409322337908,1000,2.2677914082333404,447,0.975683488350007,0.9043192017725566
exp2_holdout_accuracy,Exp 2 - Holdout + Accuracy,mlp,random_search,2,0.6173967976764703,0.6488357536645024,1000,2.3852962658666717,15,0.03432009761666752,0.9911472212208376
exp2_holdout_accuracy,Exp 2 - Holdout + Accuracy,mlp,random_search,3,0.5810425017500954,0.6485922512590725,1000,2.459990778250022,12,0.038552549183331536,0.9921909432330961
exp2_holdout_accuracy,Exp 2 - Holdout + Accuracy,rf,de,1,0.6746044519662867,0.769689045854816,1000,226.23450147634892,28,4.2178042701333345,0.9939066883757012
exp2_holdout_accuracy,Exp 2 - Holdout + Accuracy,rf,de,2,0.7179072645374458,0.7694012662742699,1000,228.0171974296403,51,6.477056306349975,0.9682347650530303
exp2_holdout_accuracy,Exp 2 - Holdout + Accuracy,rf,de,3,0.687489109925109,0.7701318176059784,1000,189.14898676624475,42,4.194466754716814,0.984037143128408
exp2_holdout_accuracy,Exp 2 - Holdout + Accuracy,rf,ga,1,0.6720805647538245,0.7634239799798348,1000,55.3668521160838,32,3.941707323083392,0.9821812383028653
exp2_holdout_accuracy,Exp 2 - Holdout + Accuracy,rf,ga,2,0.7111769133426862,0.7696004915045835,1000,65.21417058028592,113,11.035946829766756,0.9799652660611271
exp2_holdout_accuracy,Exp 2 - Holdout + Accuracy,rf,ga,3,0.6560300226010642,0.7696890899702346,1000,122.81164834275211,2,0.3008409603500089,0.997465443788786
exp2_holdout_accuracy,Exp 2 - Holdout + Accuracy,rf,gwo,1,0.6746044519662867,0.7709067784590589,1000,203.97298960048354,11,2.3477575562333795,0.9951005392632967
exp2_holdout_accuracy,Exp 2 - Holdout + Accuracy,rf,gwo,2,0.7179072645374458,0.7712388352147211,1000,119.36088834194976,68,7.690114521033502,0.9749006792732142
exp2_holdout_accuracy,Exp 2 - Holdout + Accuracy,rf,gwo,3,0.687489109925109,0.7710617706296747,1000,156.51240576428347,42,5.202524671616811,0.980704310331417
exp2_holdout_accuracy,Exp 2 - Holdout + Accuracy,rf,pso,1,0.6746044519662867,0.770331042836292,1000,184.02327945555032,43,7.079993730716629,0.9925676228824115
exp2_holdout_accuracy,Exp 2 - Holdout + Accuracy,rf,pso,2,0.7179072645374458,0.7711503249799072,1000,89.8911021643839,74,7.107786166000036,0.9594583104696183
exp2_holdout_accuracy,Exp 2 - Holdout + Accuracy,rf,pso,3,0.687489109925109,0.7682943810117827,1000,241.5410541039826,42,4.797865928299931,0.9863511913853349
exp2_holdout_accuracy,Exp 2 - Holdout + Accuracy,rf,random_search,1,0.6720805647538245,0.7677405413417719,1000,91.08769704175005,29,5.317194469633334,0.9845496761202133
exp2_holdout_accuracy,Exp 2 - Holdout + Accuracy,rf,random_search,2,0.7111769133426862,0.7694677040946534,1000,85.57977492843307,492,45.69539862193317,0.9379254894846074
exp2_holdout_accuracy,Exp 2 - Holdout + Accuracy,rf,random_search,3,0.6560300226010642,0.7684714014814105,1000,96.86859300623374,2,0.2833422959666677,0.9928634465968376
exp2_holdout_accuracy,Exp 2 - Holdout + Accuracy,svm,de,1,0.5534344698911166,0.6626265717312663,1000,5.247698940836199,772,3.917244255013793,0.903587444207943
exp2_holdout_accuracy,Exp 2 - Holdout + Accuracy,svm,de,2,0.5795598119418526,0.6965414320614833,1000,6.369392676689313,25,0.12059980661676187,0.9928878833529555
exp2_holdout_accuracy,Exp 2 - Holdout + Accuracy,svm,de,3,0.528261815009786,0.654194130046519,1000,4.333740972544062,47,0.1808249029500075,0.9843810562588257
exp2_holdout_accuracy,Exp 2 - Holdout + Accuracy,svm,ga,1,0.5534344698911166,0.6467103610280862,1000,9.180455497197848,3,0.048343741116635405,0.9929686292743142
exp2_holdout_accuracy,Exp 2 - Holdout + Accuracy,svm,ga,2,0.6437877586624852,0.6903651852292462,1000,7.205044068859509,780,5.657501144000283,0.7857548096412474
exp2_holdout_accuracy,Exp 2 - Holdout + Accuracy,svm,ga,3,0.6341564804777877,0.6452048488432973,1000,3.8704317698122397,3,0.009764089183287675,0.9843191940221645
exp2_holdout_accuracy,Exp 2 - Holdout + Accuracy,svm,gwo,1,0.5534344698911166,0.6652171614566236,1000,5.502617168915943,96,0.38475562711652544,0.9771055871700769
exp2_holdout_accuracy,Exp 2 - Holdout + Accuracy,svm,gwo,3,0.528261815009786,0.6999070708707582,1000,6.277373606350253,137,0.6678971456831276,0.9568869312397825
exp2_holdout_accuracy,Exp 2 - Holdout + Accuracy,svm,pso,1,0.5534344698911166,0.6543490781017165,1000,7.1940220863509845,17,0.1481735802335,0.9771629495533474
exp2_holdout_accuracy,Exp 2 - Holdout + Accuracy,svm,pso,2,0.5795598119418526,0.7018773389903025,1000,9.87842875011732,46,0.40919467909995244,0.9747626203440408
exp2_holdout_accuracy,Exp 2 - Holdout + Accuracy,svm,pso,3,0.528261815009786,0.7023644320319996,1000,8.287795318816098,65,0.3449580637168158,0.9798053534135808
exp2_holdout_accuracy,Exp 2 - Holdout + Accuracy,svm,random_search,1,0.5534344698911166,0.6911399696206523,1000,3.9801429714000425,441,1.7512786104836775,0.8861143872901108
exp2_holdout_accuracy,Exp 2 - Holdout + Accuracy,svm,random_search,2,0.6437877586624852,0.6870879243085295,1000,4.256259928482723,316,1.2215351901164466,0.8835086359894814
exp2_holdout_accuracy,Exp 2 - Holdout + Accuracy,svm,random_search,3,0.6341564804777877,0.6841003840467765,1000,4.880679101666221,314,2.0879332383160847,0.8873977349875203
exp3_cv_accuracy,Exp 3 - CV + Accuracy,cnn,de,1,0.6444071192002516,0.6546873940600375,1000,10.842107295928994,98,0.9611501588500687,0.9841677769986652
exp3_cv_accuracy,Exp 3 - CV + Accuracy,cnn,de,2,0.5073946430416049,0.6548131021208744,1000,5.958259225618531,2,0.015787987983276252,0.9987000235425629
exp3_cv_accuracy,Exp 3 - CV + Accuracy,cnn,de,3,0.653971851703281,0.6551153148727613,1000,5.298916619267887,486,3.059521220133562,0.8978160469557808
exp3_cv_accuracy,Exp 3 - CV + Accuracy,cnn,ga,1,0.635485085706105,0.6546576921636319,1000,16.423207023842647,4,0.03621539956693596,0.9856634483718634
exp3_cv_accuracy,Exp 3 - CV + Accuracy,cnn,ga,2,0.6536690643424938,0.6544366689424059,1000,4.87331514227529,242,1.4124209779957406,0.9489812850402903
exp3_cv_accuracy,Exp 3 - CV + Accuracy,cnn,ga,3,0.6516173481303764,0.6545544963741732,1000,8.384574631832583,418,2.5967061392252315,0.8620117429206939
exp3_cv_accuracy,Exp 3 - CV + Accuracy,cnn,gwo,1,0.6444071192002516,0.6560081227709708,1000,7.6575664430838515,560,4.3223602721822925,0.9344895906305708
exp3_cv_accuracy,Exp 3 - CV + Accuracy,cnn,gwo,2,0.5073946430416049,0.6555803489534976,1000,4.635656791283205,2,0.015620888133344123,0.9969078745664749
exp3_cv_accuracy,Exp 3 - CV + Accuracy,cnn,gwo,3,0.653971851703281,0.6548866658505238,1000,5.120338610566372,8,0.054708816533093334,0.9934934934934935
exp3_cv_accuracy,Exp 3 - CV + Accuracy,cnn,pso,1,0.6444071192002516,0.6557501443036001,1000,6.518158386169186,339,1.9837625399024543,0.9472017729465932
exp3_cv_accuracy,Exp 3 - CV + Accuracy,cnn,pso,2,0.5073946430416049,0.6548497596296469,1000,6.02703395898158,2,0.01584465729999162,0.9983732149194933
exp3_cv_accuracy,Exp 3 - CV + Accuracy,cnn,pso,3,0.653971851703281,0.6548866658505238,1000,6.131433561630911,8,0.0581423763497393,0.9934934934934935
exp3_cv_accuracy,Exp 3 - CV + Accuracy,cnn,random_search,1,0.635485085706105,0.6559051156401046,1000,8.17022394886626,370,2.954462845815942,0.9729063638196209
exp3_cv_accuracy,Exp 3 - CV + Accuracy,cnn,random_search,2,0.6536690643424938,0.6545253274314633,1000,7.953469337800925,1000,7.953469337800925,0.8405186485315699
exp3_cv_accuracy,Exp 3 - CV + Accuracy,cnn,random_search,3,0.6516173481303764,0.655145281408788,1000,7.949511252265074,764,6.048594054498972,0.8694232391265654
exp3_cv_accuracy,Exp 3 - CV + Accuracy,mlp,de,1,0.6558683625540274,0.660082290664614,1000,2.8528947333688692,54,0.18378971018332774,0.9654277269579042
exp3_cv_accuracy,Exp 3 - CV + Accuracy,mlp,de,2,0.6231019855883282,0.6606874990565649,1000,2.06451154216852,82,0.21698198475002445,0.9836688042751783
exp3_cv_accuracy,Exp 3 - CV + Accuracy,mlp,de,3,0.6407835534302454,0.6609899200991202,1000,3.3346978308333437,265,1.2345571940833602,0.9621499848677518
exp3_cv_accuracy,Exp 3 - CV + Accuracy,mlp,ga,1,0.6562297867510339,0.659307501333251,1000,4.267629702447136,19,0.1043079070166944,0.9933228611176506
exp3_cv_accuracy,Exp 3 - CV + Accuracy,mlp,ga,2,0.6224966582799969,0.6598312727275965,1000,1.890311699567958,9,0.040747433283316536,0.9674779739071167
exp3_cv_accuracy,Exp 3 - CV + Accuracy,mlp,ga,3,0.5024525571142396,0.6604290795310249,1000,2.8316971327676876,4,0.02903846554999442,0.9873124152030331
exp3_cv_accuracy,Exp 3 - CV + Accuracy,mlp,gwo,1,0.6558683625540274,0.6628868046210763,1000,2.9652241393333036,829,2.5482447074500967,0.6722414601835793
exp3_cv_accuracy,Exp 3 - CV + Accuracy,mlp,gwo,2,0.6231019855883282,0.6608866250570903,1000,3.279032899799782,151,0.5758395179500286,0.9730455684095424
exp3_cv_accuracy,Exp 3 - CV + Accuracy,mlp,gwo,3,0.6407835534302454,0.6616024798392716,1000,3.1573796235336578,534,1.8365274791168604,0.9508671703691668
exp3_cv_accuracy,Exp 3 - CV + Accuracy,mlp,pso,1,0.6558683625540274,0.660606196822303,1000,2.3758585377833614,264,0.5806323803999853,0.9232640564801019
exp3_cv_accuracy,Exp 3 - CV + Accuracy,mlp,pso,2,0.6231019855883282,0.6612556738026256,1000,2.0392499146835075,37,0.09526669309993846,0.9777645947098502
exp3_cv_accuracy,Exp 3 - CV + Accuracy,mlp,pso,3,0.6407835534302454,0.6608866054510514,1000,2.6806316656836007,70,0.24893708055001296,0.9886315813234193
exp3_cv_accuracy,Exp 3 - CV + Accuracy,mlp,random_search,1,0.6562297867510339,0.6608129253205646,1000,4.2603638015166245,321,1.2568236876000278,0.8968065193361592
exp3_cv_accuracy,Exp 3 - CV + Accuracy,mlp,random_search,2,0.6224966582799969,0.660399681487945,1000,4.072964466033264,15,0.056507523733337915,0.9928791977229399
exp3_cv_accuracy,Exp 3 - CV + Accuracy,mlp,random_search,3,0.5024525571142396,0.6614477228890474,1000,4.30165781076674,4,0.02581960776666013,0.9874290562217558
exp3_cv_accuracy,Exp 3 - CV + Accuracy,rf,de,1,0.6895146396175988,0.771703822750745,1000,577.0982218497128,28,7.615616574750068,0.9901843081995733
exp3_cv_accuracy,Exp 3 - CV + Accuracy,rf,de,2,0.7281622673101609,0.7718737271365033,1000,577.0148849272547,51,13.962867508999988,0.9691764986472903
exp3_cv_accuracy,Exp 3 - CV + Accuracy,rf,de,3,0.6982352485511267,0.7720433521644822,1000,540.7078739863919,34,11.662358950516621,0.9899223082494514
exp3_cv_accuracy,Exp 3 - CV + Accuracy,rf,ga,1,0.6886292125152975,0.7692388982395636,1000,231.28189281128138,508,119.38749909956331,0.9200379748769194
exp3_cv_accuracy,Exp 3 - CV + Accuracy,rf,ga,2,0.7260743665724493,0.7711577143039755,1000,151.30668349176358,37,10.038008943617024,0.9817086168406117
exp3_cv_accuracy,Exp 3 - CV + Accuracy,rf,ga,3,0.6791831088615243,0.7698153383678493,1000,352.9936782278703,2,0.811799444416647,0.9992838234181579
exp3_cv_accuracy,Exp 3 - CV + Accuracy,rf,gwo,1,0.6895146396175988,0.7728773615016721,1000,382.201509093851,11,2.638198422466606,0.9898771623091981
exp3_cv_accuracy,Exp 3 - CV + Accuracy,rf,gwo,2,0.7281622673101609,0.7724861226973361,1000,479.5226486755175,65,22.231009912500305,0.9776385381797822
exp3_cv_accuracy,Exp 3 - CV + Accuracy,rf,gwo,3,0.6982352485511267,0.7731725990465449,1000,436.2734743214356,40,13.961202419666613,0.9862952776523853
exp3_cv_accuracy,Exp 3 - CV + Accuracy,rf,pso,1,0.6895146396175988,0.770936287989871,1000,682.4724036884611,40,14.264708671716713,0.9926673049875492
exp3_cv_accuracy,Exp 3 - CV + Accuracy,rf,pso,2,0.7281622673101609,0.7720212699360474,1000,191.33027340228156,71,11.879481970383313,0.9630872570689025
exp3_cv_accuracy,Exp 3 - CV + Accuracy,rf,pso,3,0.6982352485511267,0.7698661165647658,1000,545.0872677943007,21,7.127269375166786,0.9907272505121766
exp3_cv_accuracy,Exp 3 - CV + Accuracy,rf,random_search,1,0.6886292125152975,0.7705156376637613,1000,235.49230272413303,86,21.88723836428347,0.9802610268989964
exp3_cv_accuracy,Exp 3 - CV + Accuracy,rf,random_search,2,0.7260743665724493,0.7699104280453648,1000,231.17605044074924,175,40.27630555989984,0.9661992184015867
exp3_cv_accuracy,Exp 3 - CV + Accuracy,rf,random_search,3,0.6791831088615243,0.7699104035441223,1000,233.4589725567838,2,0.7944111753333345,0.9989036188785706
exp3_cv_accuracy,Exp 3 - CV + Accuracy,svm,de,1,0.6208351947846765,0.6531006127135138,1000,5.559829792639357,5,0.04047276231661575,0.9976328738425478
exp3_cv_accuracy,Exp 3 - CV + Accuracy,svm,de,2,0.5480054681419979,0.7003947783878255,1000,15.794021970126048,15,0.12746498988332558,0.9956360623282021
exp3_cv_accuracy,Exp 3 - CV + Accuracy,svm,de,3,0.5283601737393179,0.65971199954025,1000,9.396619165386559,136,0.8993160772498716,0.9875914969826528
exp3_cv_accuracy,Exp 3 - CV + Accuracy,svm,ga,1,0.6208351947846765,0.66111731167081,1000,12.345699024632388,382,4.140557757747107,0.9218871828412782
exp3_cv_accuracy,Exp 3 - CV + Accuracy,svm,ga,2,0.6525249751046686,0.6935700946280292,1000,14.870772177574205,780,11.437824627799758,0.7758349013853117
exp3_cv_accuracy,Exp 3 - CV + Accuracy,svm,ga,3,0.64652536997629,0.6873059206410744,1000,5.9426713818822465,933,4.995445227953921,0.23984659366496353
exp3_cv_accuracy,Exp 3 - CV + Accuracy,svm,gwo,1,0.6208351947846765,0.7004761872317035,1000,14.36285836567052,268,3.0402760918687517,0.9218663491301597
exp3_cv_accuracy,Exp 3 - CV + Accuracy,svm,gwo,2,0.5480054681419979,0.701383585068197,1000,14.952914557850939,47,0.48757357323362766,0.9825107457082195
exp3_cv_accuracy,Exp 3 - CV + Accuracy,svm,pso,1,0.6208351947846765,0.7019519938358685,1000,15.552203678951022,113,1.1152506181336017,0.9605322525092498
exp3_cv_accuracy,Exp 3 - CV + Accuracy,svm,pso,2,0.5480054681419979,0.7013028390876523,1000,15.8361938879368,31,0.30916060078367685,0.9903882195366627
exp3_cv_accuracy,Exp 3 - CV + Accuracy,svm,pso,3,0.5283601737393179,0.7017307280380202,1000,15.803009865299343,44,0.41527882414957273,0.9826591702061845
exp3_cv_accuracy,Exp 3 - CV + Accuracy,svm,random_search,1,0.6208351947846765,0.6931347648941485,1000,8.013779153999591,441,3.556262485984553,0.9006146360668323
exp3_cv_accuracy,Exp 3 - CV + Accuracy,svm,random_search,2,0.6525249751046686,0.6937098682813548,1000,8.024567573234526,316,2.542819447717314,0.8683929227438703
exp3_cv_accuracy,Exp 3 - CV + Accuracy,svm,random_search,3,0.64652536997629,0.6883684405431758,1000,8.002297607049574,314,2.4661483867650533,0.880944947621087
