model_type,optimizer,seed,candidate_id,fitness,mcc,f1,auc_roc,auc_pr,accuracy,precision,recall,train_time_seconds,eval_time_seconds,model_backend,official_experiment,cache_hit,cache_key,parallel_enabled,n_jobs,parallel_backend,fitness_formula,decoded_hyperparameters
mlp,gwo,1,1,0.41263103337396,0.25603647037029514,0.6475228778794573,0.6676502668380662,0.6616025960642018,0.6290269013616738,0.6506024096385542,0.6444723618090452,5.4352794000005815,0.0,tensorflow,False,False,gwo|mlp|1|auto|InfoGain_7|hidden_neurons:258-learning_rate:0.005044082462406216-l2_alpha:7.327531200248025e-08-dropout_rate:0.09486494471372439-batch_size:64-activation:tanh-optimizer:adam,True,-1,loky,0.6 * MCC + 0.4 * F1,"{""hidden_neurons"": 258, ""learning_rate"": 0.005044082462406216, ""l2_alpha"": 7.327531200248025e-08, ""dropout_rate"": 0.09486494471372439, ""batch_size"": 64, ""activation"": ""tanh"", ""optimizer"": ""adam""}"
mlp,gwo,1,2,0.3932121817455427,0.2326306911457765,0.634084417645192,0.655005781196327,0.6523800206104713,0.6170707406177349,0.640795381654907,0.6275125628140703,6.984956200001761,0.0,tensorflow,False,False,gwo|mlp|1|auto|InfoGain_7|hidden_neurons:208-learning_rate:1.9840934620783557e-05-l2_alpha:1.4633717925197205e-08-dropout_rate:0.07535131086748066-batch_size:80-activation:tanh-optimizer:adam,True,-1,loky,0.6 * MCC + 0.4 * F1,"{""hidden_neurons"": 208, ""learning_rate"": 1.9840934620783557e-05, ""l2_alpha"": 1.4633717925197205e-08, ""dropout_rate"": 0.07535131086748066, ""batch_size"": 80, ""activation"": ""tanh"", ""optimizer"": ""adam""}"
mlp,gwo,1,3,0.3968471491647999,0.23869965363623036,0.6340683924576542,0.6546620523335493,0.6517967058240852,0.6197276652274992,0.6454131424853611,0.6231155778894473,9.722612300000037,0.0,tensorflow,False,False,gwo|mlp|1|auto|InfoGain_7|hidden_neurons:155-learning_rate:5.260019290542263e-06-l2_alpha:6.371624645952766e-08-dropout_rate:0.040311298644712924-batch_size:32-activation:tanh-optimizer:adam,True,-1,loky,0.6 * MCC + 0.4 * F1,"{""hidden_neurons"": 155, ""learning_rate"": 5.260019290542263e-06, ""l2_alpha"": 6.371624645952766e-08, ""dropout_rate"": 0.040311298644712924, ""batch_size"": 32, ""activation"": ""tanh"", ""optimizer"": ""adam""}"
mlp,gwo,1,4,0.3942787202329334,0.23814522412069272,0.6284789644012945,0.6538982350087292,0.6474637383345097,0.6187313184988376,0.6481975967957276,0.6099246231155779,5.81711709999945,0.0,tensorflow,False,False,gwo|mlp|1|auto|InfoGain_7|hidden_neurons:144-learning_rate:8.149779273673193e-06-l2_alpha:0.007663430070998622-dropout_rate:0.09616571936637869-batch_size:112-activation:relu-optimizer:rmsprop,True,-1,loky,0.6 * MCC + 0.4 * F1,"{""hidden_neurons"": 144, ""learning_rate"": 8.149779273673193e-06, ""l2_alpha"": 0.007663430070998622, ""dropout_rate"": 0.09616571936637869, ""batch_size"": 112, ""activation"": ""relu"", ""optimizer"": ""rmsprop""}"
mlp,gwo,1,5,0.41084268568994614,0.24650937125480535,0.6573426573426573,0.6679875770678623,0.6617985816568772,0.6257057455994686,0.6370064820271066,0.6790201005025126,6.843720699995174,0.0,tensorflow,False,False,gwo|mlp|1|auto|InfoGain_7|hidden_neurons:85-learning_rate:0.006600129841247203-l2_alpha:1.248566025610184e-05-dropout_rate:0.011586561247077033-batch_size:80-activation:relu-optimizer:adam,True,-1,loky,0.6 * MCC + 0.4 * F1,"{""hidden_neurons"": 85, ""learning_rate"": 0.006600129841247203, ""l2_alpha"": 1.248566025610184e-05, ""dropout_rate"": 0.011586561247077033, ""batch_size"": 80, ""activation"": ""relu"", ""optimizer"": ""adam""}"
mlp,gwo,1,6,0.02975917803432062,-0.05323270570795444,0.1542470036477332,0.4077407828430383,0.47454148675397045,0.4609764197940883,0.4525993883792049,0.09296482412060302,11.757009499997366,0.0,tensorflow,False,False,gwo|mlp|1|auto|InfoGain_7|hidden_neurons:459-learning_rate:1.728053802450397e-08-l2_alpha:1.4843474801984847e-05-dropout_rate:0.045933588288540377-batch_size:16-activation:relu-optimizer:adam,True,-1,loky,0.6 * MCC + 0.4 * F1,"{""hidden_neurons"": 459, ""learning_rate"": 1.728053802450397e-08, ""l2_alpha"": 1.4843474801984847e-05, ""dropout_rate"": 0.045933588288540377, ""batch_size"": 16, ""activation"": ""relu"", ""optimizer"": ""adam""}"
mlp,gwo,1,7,0.058970808864811854,-0.03873771645061004,0.20553359683794467,0.5154427882895805,0.5214336625744849,0.4659581534373962,0.48148148148148145,0.1306532663316583,6.970953300005931,0.0,tensorflow,False,False,gwo|mlp|1|auto|InfoGain_7|hidden_neurons:299-learning_rate:3.63567192399217e-07-l2_alpha:0.001094684896692405-dropout_rate:0.05094958815215094-batch_size:80-activation:relu-optimizer:rmsprop,True,-1,loky,0.6 * MCC + 0.4 * F1,"{""hidden_neurons"": 299, ""learning_rate"": 3.63567192399217e-07, ""l2_alpha"": 0.001094684896692405, ""dropout_rate"": 0.05094958815215094, ""batch_size"": 80, ""activation"": ""relu"", ""optimizer"": ""rmsprop""}"
mlp,gwo,1,8,0.4034549205278506,0.23618596520582041,0.6543583535108959,0.6640560537004969,0.6640836391304668,0.6207240119561608,0.6314252336448598,0.6790201005025126,7.037599499999487,0.0,tensorflow,False,False,gwo|mlp|1|auto|InfoGain_7|hidden_neurons:411-learning_rate:0.00012581181742105929-l2_alpha:0.0005279364518951344-dropout_rate:0.019161625902013524-batch_size:112-activation:tanh-optimizer:rmsprop,True,-1,loky,0.6 * MCC + 0.4 * F1,"{""hidden_neurons"": 411, ""learning_rate"": 0.00012581181742105929, ""l2_alpha"": 0.0005279364518951344, ""dropout_rate"": 0.019161625902013524, ""batch_size"": 112, ""activation"": ""tanh"", ""optimizer"": ""rmsprop""}"
mlp,gwo,1,9,0.40282619103782313,0.23754370274490785,0.6507499234771962,0.6643887159546854,0.6628189902150627,0.6210561275323813,0.6346268656716418,0.667713567839196,9.431685399998969,0.0,tensorflow,False,False,gwo|mlp|1|auto|InfoGain_7|hidden_neurons:428-learning_rate:0.0014712991262701776-l2_alpha:0.0018164463637997954-dropout_rate:0.047190971935879025-batch_size:32-activation:tanh-optimizer:adam,True,-1,loky,0.6 * MCC + 0.4 * F1,"{""hidden_neurons"": 428, ""learning_rate"": 0.0014712991262701776, ""l2_alpha"": 0.0018164463637997954, ""dropout_rate"": 0.047190971935879025, ""batch_size"": 32, ""activation"": ""tanh"", ""optimizer"": ""adam""}"
mlp,gwo,1,10,0.407635295015091,0.243510405045539,0.653822629969419,0.671758191946342,0.6672660241187909,0.624045167718366,0.6370679380214541,0.6714824120603015,7.506036300001142,0.0,tensorflow,False,False,gwo|mlp|1|auto|InfoGain_7|hidden_neurons:361-learning_rate:0.0010313719100637885-l2_alpha:4.912097338001181e-07-dropout_rate:0.02152181671629736-batch_size:80-activation:relu-optimizer:adam,True,-1,loky,0.6 * MCC + 0.4 * F1,"{""hidden_neurons"": 361, ""learning_rate"": 0.0010313719100637885, ""l2_alpha"": 4.912097338001181e-07, ""dropout_rate"": 0.02152181671629736, ""batch_size"": 80, ""activation"": ""relu"", ""optimizer"": ""adam""}"
mlp,gwo,1,11,0.39771442117150824,0.23179815944073337,0.6465888137676705,0.6590771864962586,0.6575614590521803,0.6180670873463966,0.6329723225030084,0.6608040201005025,6.305220800000825,0.0,tensorflow,False,False,gwo|mlp|1|auto|InfoGain_7|hidden_neurons:112-learning_rate:0.00016117393606776957-l2_alpha:1e-08-dropout_rate:0.03838764335732513-batch_size:112-activation:tanh-optimizer:adam,True,-1,loky,0.6 * MCC + 0.4 * F1,"{""hidden_neurons"": 112, ""learning_rate"": 0.00016117393606776957, ""l2_alpha"": 1e-08, ""dropout_rate"": 0.03838764335732513, ""batch_size"": 112, ""activation"": ""tanh"", ""optimizer"": ""adam""}"
mlp,gwo,1,12,0.40078055965157233,0.23923232676784323,0.643102908977166,0.6574512803623473,0.6534027645716938,0.6210561275323813,0.6404984423676012,0.6457286432160804,6.89511279999715,0.0,tensorflow,False,False,gwo|mlp|1|auto|InfoGain_7|hidden_neurons:262-learning_rate:0.00011392440434177967-l2_alpha:0.01-dropout_rate:0.0-batch_size:80-activation:relu-optimizer:adam,True,-1,loky,0.6 * MCC + 0.4 * F1,"{""hidden_neurons"": 262, ""learning_rate"": 0.00011392440434177967, ""l2_alpha"": 0.01, ""dropout_rate"": 0.0, ""batch_size"": 80, ""activation"": ""relu"", ""optimizer"": ""adam""}"
mlp,gwo,1,13,0.42244940526460006,0.2603096697981142,0.6656590084643289,0.6743750022133217,0.6759972141546013,0.6326801727000997,0.6416083916083916,0.6915829145728644,6.896426400002383,0.0,tensorflow,False,False,gwo|mlp|1|auto|InfoGain_7|hidden_neurons:500-learning_rate:0.0014264870212092834-l2_alpha:6.784932586793545e-06-dropout_rate:0.053435614241584446-batch_size:112-activation:tanh-optimizer:adam,True,-1,loky,0.6 * MCC + 0.4 * F1,"{""hidden_neurons"": 500, ""learning_rate"": 0.0014264870212092834, ""l2_alpha"": 6.784932586793545e-06, ""dropout_rate"": 0.053435614241584446, ""batch_size"": 112, ""activation"": ""tanh"", ""optimizer"": ""adam""}"
mlp,gwo,1,14,0.4021183684675139,0.24535441298330196,0.6372643016938319,0.6565814449272436,0.6508718584375954,0.6230488209897044,0.6486662329212752,0.6262562814070352,6.307643000000098,0.0,tensorflow,False,False,gwo|mlp|1|auto|InfoGain_7|hidden_neurons:294-learning_rate:1.75253051760621e-05-l2_alpha:0.0011804898953622007-dropout_rate:0.08227971731102475-batch_size:112-activation:relu-optimizer:rmsprop,True,-1,loky,0.6 * MCC + 0.4 * F1,"{""hidden_neurons"": 294, ""learning_rate"": 1.75253051760621e-05, ""l2_alpha"": 0.0011804898953622007, ""dropout_rate"": 0.08227971731102475, ""batch_size"": 112, ""activation"": ""relu"", ""optimizer"": ""rmsprop""}"
mlp,gwo,1,15,0.4127523155000676,0.2492973153552248,0.6579348157173317,0.6707805677435805,0.6656515263474584,0.6270342079043507,0.638675340035482,0.678391959798995,6.954525099994498,0.0,tensorflow,False,False,gwo|mlp|1|auto|InfoGain_7|hidden_neurons:393-learning_rate:0.005855501484178158-l2_alpha:2.7853280438795665e-07-dropout_rate:0.047228956478478364-batch_size:112-activation:relu-optimizer:adam,True,-1,loky,0.6 * MCC + 0.4 * F1,"{""hidden_neurons"": 393, ""learning_rate"": 0.005855501484178158, ""l2_alpha"": 2.7853280438795665e-07, ""dropout_rate"": 0.047228956478478364, ""batch_size"": 112, ""activation"": ""relu"", ""optimizer"": ""adam""}"
mlp,gwo,1,16,0.39836664141588,0.22845568055528873,0.6532330827067669,0.6599000995109443,0.6534574425018264,0.6170707406177349,0.6266589728793999,0.6821608040201005,9.12527059999411,0.0,tensorflow,False,False,gwo|mlp|1|auto|InfoGain_7|hidden_neurons:269-learning_rate:0.01-l2_alpha:0.01-dropout_rate:0.05898979923645852-batch_size:32-activation:relu-optimizer:adam,True,-1,loky,0.6 * MCC + 0.4 * F1,"{""hidden_neurons"": 269, ""learning_rate"": 0.01, ""l2_alpha"": 0.01, ""dropout_rate"": 0.05898979923645852, ""batch_size"": 32, ""activation"": ""relu"", ""optimizer"": ""adam""}"
mlp,gwo,1,17,0.41263103337396,0.25603647037029514,0.6475228778794573,0.6730797663440529,0.6675025024360147,0.6290269013616738,0.6506024096385542,0.6444723618090452,5.546280900001875,0.0,tensorflow,False,False,gwo|mlp|1|auto|InfoGain_7|hidden_neurons:45-learning_rate:0.01-l2_alpha:6.192814074541914e-08-dropout_rate:0.09041585511008447-batch_size:112-activation:relu-optimizer:rmsprop,True,-1,loky,0.6 * MCC + 0.4 * F1,"{""hidden_neurons"": 45, ""learning_rate"": 0.01, ""l2_alpha"": 6.192814074541914e-08, ""dropout_rate"": 0.09041585511008447, ""batch_size"": 112, ""activation"": ""relu"", ""optimizer"": ""rmsprop""}"
mlp,gwo,1,18,0.4040353198293866,0.24973628573714973,0.635483870967742,0.662303766896498,0.656248541240707,0.624709398870807,0.653183023872679,0.6187185929648241,5.480005400000664,0.0,tensorflow,False,False,gwo|mlp|1|auto|InfoGain_7|hidden_neurons:352-learning_rate:0.01-l2_alpha:0.01-dropout_rate:0.0-batch_size:112-activation:relu-optimizer:rmsprop,True,-1,loky,0.6 * MCC + 0.4 * F1,"{""hidden_neurons"": 352, ""learning_rate"": 0.01, ""l2_alpha"": 0.01, ""dropout_rate"": 0.0, ""batch_size"": 112, ""activation"": ""relu"", ""optimizer"": ""rmsprop""}"
mlp,gwo,1,19,0.4088145143136448,0.24578286414877748,0.6533619895609457,0.6703872604743237,0.6659732685279232,0.6250415144470276,0.639039039039039,0.6683417085427136,7.545898100004706,0.0,tensorflow,False,False,gwo|mlp|1|auto|InfoGain_7|hidden_neurons:126-learning_rate:0.0014609120816290715-l2_alpha:1.5685456577729717e-07-dropout_rate:0.06586199488115851-batch_size:64-activation:relu-optimizer:adam,True,-1,loky,0.6 * MCC + 0.4 * F1,"{""hidden_neurons"": 126, ""learning_rate"": 0.0014609120816290715, ""l2_alpha"": 1.5685456577729717e-07, ""dropout_rate"": 0.06586199488115851, ""batch_size"": 64, ""activation"": ""relu"", ""optimizer"": ""adam""}"
mlp,gwo,1,20,0.4115061308346717,0.2523542118175365,0.6502340093603745,0.6667082771149617,0.6629774168476874,0.6276984390567918,0.6460012399256044,0.6545226130653267,10.481692699999257,0.0,tensorflow,False,False,gwo|mlp|1|auto|InfoGain_7|hidden_neurons:294-learning_rate:0.01-l2_alpha:2.6404801745180042e-05-dropout_rate:0.0-batch_size:16-activation:relu-optimizer:adam,True,-1,loky,0.6 * MCC + 0.4 * F1,"{""hidden_neurons"": 294, ""learning_rate"": 0.01, ""l2_alpha"": 2.6404801745180042e-05, ""dropout_rate"": 0.0, ""batch_size"": 16, ""activation"": ""relu"", ""optimizer"": ""adam""}"
mlp,gwo,1,21,0.4092128242073607,0.24760612380773417,0.6516228748068006,0.6660947443347818,0.6621797745405337,0.6257057455994686,0.6415094339622641,0.6620603015075377,7.922443299998122,0.0,tensorflow,False,False,gwo|mlp|1|auto|InfoGain_7|hidden_neurons:500-learning_rate:0.00018913750401744811-l2_alpha:0.00031958357408222297-dropout_rate:0.06543797133348107-batch_size:80-activation:relu-optimizer:adam,True,-1,loky,0.6 * MCC + 0.4 * F1,"{""hidden_neurons"": 500, ""learning_rate"": 0.00018913750401744811, ""l2_alpha"": 0.00031958357408222297, ""dropout_rate"": 0.06543797133348107, ""batch_size"": 80, ""activation"": ""relu"", ""optimizer"": ""adam""}"
mlp,gwo,1,22,0.41455160393464197,0.25316340213513217,0.6566339066339066,0.6725423718309659,0.6683275411442574,0.6286947857854533,0.6424278846153846,0.6714824120603015,7.167921800006297,0.0,tensorflow,False,False,gwo|mlp|1|auto|InfoGain_7|hidden_neurons:309-learning_rate:0.0049772088798015505-l2_alpha:1e-08-dropout_rate:0.08439676296252129-batch_size:128-activation:relu-optimizer:adam,True,-1,loky,0.6 * MCC + 0.4 * F1,"{""hidden_neurons"": 309, ""learning_rate"": 0.0049772088798015505, ""l2_alpha"": 1e-08, ""dropout_rate"": 0.08439676296252129, ""batch_size"": 128, ""activation"": ""relu"", ""optimizer"": ""adam""}"
mlp,gwo,1,23,0.40478389358387423,0.24245306507342324,0.6482801363495506,0.6683399378853393,0.6660504462959009,0.6230488209897044,0.6397553516819572,0.657035175879397,6.021687599997676,0.0,tensorflow,False,False,gwo|mlp|1|auto|InfoGain_7|hidden_neurons:109-learning_rate:0.0005090195121534568-l2_alpha:1e-08-dropout_rate:0.05436009738722006-batch_size:112-activation:relu-optimizer:rmsprop,True,-1,loky,0.6 * MCC + 0.4 * F1,"{""hidden_neurons"": 109, ""learning_rate"": 0.0005090195121534568, ""l2_alpha"": 1e-08, ""dropout_rate"": 0.05436009738722006, ""batch_size"": 112, ""activation"": ""relu"", ""optimizer"": ""rmsprop""}"
mlp,gwo,1,24,0.38779893372416263,0.24098735330838703,0.608016304347826,0.6653326976673359,0.6687539179184327,0.6167386250415144,0.6619822485207101,0.5621859296482412,7.669415899996238,0.0,tensorflow,False,False,gwo|mlp|1|auto|InfoGain_7|hidden_neurons:409-learning_rate:0.01-l2_alpha:3.1241467922140954e-06-dropout_rate:0.08374373067308423-batch_size:32-activation:tanh-optimizer:adam,True,-1,loky,0.6 * MCC + 0.4 * F1,"{""hidden_neurons"": 409, ""learning_rate"": 0.01, ""l2_alpha"": 3.1241467922140954e-06, ""dropout_rate"": 0.08374373067308423, ""batch_size"": 32, ""activation"": ""tanh"", ""optimizer"": ""adam""}"
mlp,gwo,1,25,0.41034987435693987,0.2458212191663284,0.6571428571428571,0.6679397693187573,0.6693036433870487,0.6253736300232481,0.6366313309776207,0.6790201005025126,7.219580199998745,0.0,tensorflow,False,False,gwo|mlp|1|auto|InfoGain_7|hidden_neurons:138-learning_rate:0.0004770153365393998-l2_alpha:1.7172040965271707e-06-dropout_rate:0.013850904332202105-batch_size:80-activation:tanh-optimizer:adam,True,-1,loky,0.6 * MCC + 0.4 * F1,"{""hidden_neurons"": 138, ""learning_rate"": 0.0004770153365393998, ""l2_alpha"": 1.7172040965271707e-06, ""dropout_rate"": 0.013850904332202105, ""batch_size"": 80, ""activation"": ""tanh"", ""optimizer"": ""adam""}"
mlp,gwo,1,26,0.3995825745944837,0.23064607332836404,0.6529873264936632,0.6604613978985838,0.6516797354030512,0.6180670873463966,0.6283391405342624,0.6796482412060302,7.2564474000027985,0.0,tensorflow,False,False,gwo|mlp|1|auto|InfoGain_7|hidden_neurons:487-learning_rate:0.01-l2_alpha:2.0144399393724974e-06-dropout_rate:0.04407162930132464-batch_size:64-activation:relu-optimizer:adam,True,-1,loky,0.6 * MCC + 0.4 * F1,"{""hidden_neurons"": 487, ""learning_rate"": 0.01, ""l2_alpha"": 2.0144399393724974e-06, ""dropout_rate"": 0.04407162930132464, ""batch_size"": 64, ""activation"": ""relu"", ""optimizer"": ""adam""}"
mlp,gwo,1,27,0.40264400596583205,0.23766845724960559,0.6501073290401718,0.664373665367004,0.6645638122911004,0.6210561275323813,0.6351108448172559,0.6658291457286433,7.61667789999774,0.0,tensorflow,False,False,gwo|mlp|1|auto|InfoGain_7|hidden_neurons:441-learning_rate:4.183797735263156e-05-l2_alpha:1e-08-dropout_rate:0.0792486427705612-batch_size:80-activation:tanh-optimizer:adam,True,-1,loky,0.6 * MCC + 0.4 * F1,"{""hidden_neurons"": 441, ""learning_rate"": 4.183797735263156e-05, ""l2_alpha"": 1e-08, ""dropout_rate"": 0.0792486427705612, ""batch_size"": 80, ""activation"": ""tanh"", ""optimizer"": ""adam""}"
mlp,gwo,1,28,0.4110254759954747,0.24737721695808731,0.6564978645515558,0.6693779857709974,0.6629936060532782,0.6260378611756892,0.638196915776987,0.6758793969849246,11.075748900002509,0.0,tensorflow,False,False,gwo|mlp|1|auto|InfoGain_7|hidden_neurons:488-learning_rate:0.0004591250237553378-l2_alpha:7.9706337517114e-06-dropout_rate:0.0-batch_size:16-activation:relu-optimizer:adam,True,-1,loky,0.6 * MCC + 0.4 * F1,"{""hidden_neurons"": 488, ""learning_rate"": 0.0004591250237553378, ""l2_alpha"": 7.9706337517114e-06, ""dropout_rate"": 0.0, ""batch_size"": 16, ""activation"": ""relu"", ""optimizer"": ""adam""}"
mlp,gwo,1,29,0.4022796847833294,0.2349105857499935,0.6533333333333333,0.6633108282781065,0.65973832156419,0.6200597808037197,0.6311475409836066,0.6771356783919598,6.914704599999823,0.0,tensorflow,False,False,gwo|mlp|1|auto|InfoGain_7|hidden_neurons:366-learning_rate:0.0007693560283164929-l2_alpha:0.01-dropout_rate:0.07258061453073156-batch_size:112-activation:relu-optimizer:adam,True,-1,loky,0.6 * MCC + 0.4 * F1,"{""hidden_neurons"": 366, ""learning_rate"": 0.0007693560283164929, ""l2_alpha"": 0.01, ""dropout_rate"": 0.07258061453073156, ""batch_size"": 112, ""activation"": ""relu"", ""optimizer"": ""adam""}"
mlp,gwo,1,30,0.40985428328599394,0.24611225996657707,0.6554673182651192,0.6716913496304638,0.6673833404806266,0.6253736300232481,0.6379310344827587,0.6739949748743719,7.677817700001469,0.0,tensorflow,False,False,gwo|mlp|1|auto|InfoGain_7|hidden_neurons:500-learning_rate:0.0011084129862550692-l2_alpha:2.0228060783782193e-05-dropout_rate:0.0-batch_size:64-activation:relu-optimizer:adam,True,-1,loky,0.6 * MCC + 0.4 * F1,"{""hidden_neurons"": 500, ""learning_rate"": 0.0011084129862550692, ""l2_alpha"": 2.0228060783782193e-05, ""dropout_rate"": 0.0, ""batch_size"": 64, ""activation"": ""relu"", ""optimizer"": ""adam""}"
mlp,gwo,1,31,0.40456028069828,0.24047297167071247,0.6506912442396313,0.6694651906466795,0.6665181069061534,0.6223845898372634,0.6368009621166566,0.6652010050251256,7.8887300999995205,0.0,tensorflow,False,False,gwo|mlp|1|auto|InfoGain_7|hidden_neurons:500-learning_rate:0.00036062350788483143-l2_alpha:6.659330564773379e-07-dropout_rate:0.005853561306833691-batch_size:80-activation:relu-optimizer:adam,True,-1,loky,0.6 * MCC + 0.4 * F1,"{""hidden_neurons"": 500, ""learning_rate"": 0.00036062350788483143, ""l2_alpha"": 6.659330564773379e-07, ""dropout_rate"": 0.005853561306833691, ""batch_size"": 80, ""activation"": ""relu"", ""optimizer"": ""adam""}"
mlp,gwo,1,32,0.4203148254097503,0.2567490043317285,0.665663557026783,0.6740483159277714,0.6756392925976303,0.631019594818997,0.6389370306181398,0.6947236180904522,6.71242920000077,0.0,tensorflow,False,False,gwo|mlp|1|auto|InfoGain_7|hidden_neurons:414-learning_rate:0.0009006996778037938-l2_alpha:1.336261171620181e-08-dropout_rate:0.04645295529425214-batch_size:128-activation:tanh-optimizer:adam,True,-1,loky,0.6 * MCC + 0.4 * F1,"{""hidden_neurons"": 414, ""learning_rate"": 0.0009006996778037938, ""l2_alpha"": 1.336261171620181e-08, ""dropout_rate"": 0.04645295529425214, ""batch_size"": 128, ""activation"": ""tanh"", ""optimizer"": ""adam""}"
mlp,gwo,1,33,0.41029758034418273,0.2478530661954367,0.6539643515673018,0.672494564081861,0.6684567148208378,0.6260378611756892,0.6401925391095066,0.6683417085427136,6.468777900001442,0.0,tensorflow,False,False,gwo|mlp|1|auto|InfoGain_7|hidden_neurons:293-learning_rate:0.002098538323052731-l2_alpha:1e-08-dropout_rate:0.0747691450987623-batch_size:128-activation:relu-optimizer:adam,True,-1,loky,0.6 * MCC + 0.4 * F1,"{""hidden_neurons"": 293, ""learning_rate"": 0.002098538323052731, ""l2_alpha"": 1e-08, ""dropout_rate"": 0.0747691450987623, ""batch_size"": 128, ""activation"": ""relu"", ""optimizer"": ""adam""}"
mlp,gwo,1,34,0.4077060125562526,0.24448697945243325,0.6525345622119816,0.6701291871620257,0.6651631954355584,0.6243772832945865,0.6386049308478653,0.6670854271356784,7.374796399999468,0.0,tensorflow,False,False,gwo|mlp|1|auto|InfoGain_7|hidden_neurons:368-learning_rate:0.0007121236500502311-l2_alpha:1e-08-dropout_rate:0.06338603108634498-batch_size:80-activation:relu-optimizer:adam,True,-1,loky,0.6 * MCC + 0.4 * F1,"{""hidden_neurons"": 368, ""learning_rate"": 0.0007121236500502311, ""l2_alpha"": 1e-08, ""dropout_rate"": 0.06338603108634498, ""batch_size"": 80, ""activation"": ""relu"", ""optimizer"": ""adam""}"
mlp,gwo,1,35,0.4167014850475579,0.25383823854625376,0.660996354799514,0.6726534805812006,0.6746654775974215,0.6293590169378944,0.64,0.6834170854271356,6.162039700000605,0.0,tensorflow,False,False,gwo|mlp|1|auto|InfoGain_7|hidden_neurons:226-learning_rate:0.003603221587377797-l2_alpha:2.49492368075833e-08-dropout_rate:0.000585612165360426-batch_size:128-activation:tanh-optimizer:adam,True,-1,loky,0.6 * MCC + 0.4 * F1,"{""hidden_neurons"": 226, ""learning_rate"": 0.003603221587377797, ""l2_alpha"": 2.49492368075833e-08, ""dropout_rate"": 0.000585612165360426, ""batch_size"": 128, ""activation"": ""tanh"", ""optimizer"": ""adam""}"
mlp,gwo,1,36,0.40965016403705434,0.24834433280103121,0.6516089108910891,0.6659933742001054,0.6626642835313922,0.6260378611756892,0.6420731707317073,0.6614321608040201,6.7554956000021775,0.0,tensorflow,False,False,gwo|mlp|1|auto|InfoGain_7|hidden_neurons:500-learning_rate:0.00023841989331932506-l2_alpha:2.5198649204647744e-07-dropout_rate:0.05743219149310169-batch_size:112-activation:relu-optimizer:adam,True,-1,loky,0.6 * MCC + 0.4 * F1,"{""hidden_neurons"": 500, ""learning_rate"": 0.00023841989331932506, ""l2_alpha"": 2.5198649204647744e-07, ""dropout_rate"": 0.05743219149310169, ""batch_size"": 112, ""activation"": ""relu"", ""optimizer"": ""adam""}"
mlp,gwo,1,37,0.40907042729690024,0.2466444724242262,0.6527093596059114,0.6715939634748798,0.6683358750138761,0.6253736300232481,0.6400966183574879,0.6658291457286433,6.719965500000399,0.0,tensorflow,False,False,gwo|mlp|1|auto|InfoGain_7|hidden_neurons:452-learning_rate:0.0011907164216516633-l2_alpha:1e-08-dropout_rate:0.03919509020394365-batch_size:112-activation:relu-optimizer:adam,True,-1,loky,0.6 * MCC + 0.4 * F1,"{""hidden_neurons"": 452, ""learning_rate"": 0.0011907164216516633, ""l2_alpha"": 1e-08, ""dropout_rate"": 0.03919509020394365, ""batch_size"": 112, ""activation"": ""relu"", ""optimizer"": ""adam""}"
mlp,gwo,1,38,0.39744128121215494,0.2470871182510868,0.622972525653757,0.6658459669736987,0.6693785210565284,0.6217203586848223,0.6585024492652204,0.5910804020100503,8.754833799997868,0.0,tensorflow,False,False,gwo|mlp|1|auto|InfoGain_7|hidden_neurons:327-learning_rate:0.01-l2_alpha:2.9537776535584836e-05-dropout_rate:0.09756413448499097-batch_size:32-activation:tanh-optimizer:adam,True,-1,loky,0.6 * MCC + 0.4 * F1,"{""hidden_neurons"": 327, ""learning_rate"": 0.01, ""l2_alpha"": 2.9537776535584836e-05, ""dropout_rate"": 0.09756413448499097, ""batch_size"": 32, ""activation"": ""tanh"", ""optimizer"": ""adam""}"
mlp,gwo,1,39,0.4097434358932443,0.2472053473515338,0.6535505687058101,0.6730600677807643,0.6698158456401696,0.6257057455994686,0.6399759181216135,0.667713567839196,6.841998700001568,0.0,tensorflow,False,False,gwo|mlp|1|auto|InfoGain_7|hidden_neurons:480-learning_rate:0.0019234210088879273-l2_alpha:9.534392227425374e-08-dropout_rate:0.08533385207615612-batch_size:128-activation:relu-optimizer:adam,True,-1,loky,0.6 * MCC + 0.4 * F1,"{""hidden_neurons"": 480, ""learning_rate"": 0.0019234210088879273, ""l2_alpha"": 9.534392227425374e-08, ""dropout_rate"": 0.08533385207615612, ""batch_size"": 128, ""activation"": ""relu"", ""optimizer"": ""adam""}"
mlp,gwo,1,40,0.40003951682783684,0.22700784761374967,0.6595870206489676,0.6602529029927652,0.6551434004359376,0.6167386250415144,0.6218020022246941,0.7022613065326633,6.917053400000441,0.0,tensorflow,False,False,gwo|mlp|1|auto|InfoGain_7|hidden_neurons:282-learning_rate:0.006445525621850047-l2_alpha:1e-08-dropout_rate:0.07348572962940757-batch_size:32-activation:relu-optimizer:adam,True,-1,loky,0.6 * MCC + 0.4 * F1,"{""hidden_neurons"": 282, ""learning_rate"": 0.006445525621850047, ""l2_alpha"": 1e-08, ""dropout_rate"": 0.07348572962940757, ""batch_size"": 32, ""activation"": ""relu"", ""optimizer"": ""adam""}"
mlp,gwo,1,41,0.41423842162939045,0.25040141346279465,0.6599939338792842,0.6708193008736423,0.6722223535901011,0.6276984390567918,0.6381231671554253,0.6834170854271356,6.673071999997774,0.0,tensorflow,False,False,gwo|mlp|1|auto|InfoGain_7|hidden_neurons:369-learning_rate:0.0005644849039661294-l2_alpha:7.840590814394507e-05-dropout_rate:0.011822725985234109-batch_size:128-activation:tanh-optimizer:adam,True,-1,loky,0.6 * MCC + 0.4 * F1,"{""hidden_neurons"": 369, ""learning_rate"": 0.0005644849039661294, ""l2_alpha"": 7.840590814394507e-05, ""dropout_rate"": 0.011822725985234109, ""batch_size"": 128, ""activation"": ""tanh"", ""optimizer"": ""adam""}"
mlp,gwo,1,42,0.4106607064388248,0.2545042634263652,0.6448953709575143,0.6655719577450323,0.6613484159882087,0.6280305546330123,0.6510883482714469,0.6388190954773869,4.380057000002125,0.0,tensorflow,False,False,gwo|mlp|1|auto|InfoGain_7|hidden_neurons:302-learning_rate:0.0028082407634029485-l2_alpha:0.00046655858007835823-dropout_rate:0.03408970673127741-batch_size:112-activation:tanh-optimizer:adam,True,-1,loky,0.6 * MCC + 0.4 * F1,"{""hidden_neurons"": 302, ""learning_rate"": 0.0028082407634029485, ""l2_alpha"": 0.00046655858007835823, ""dropout_rate"": 0.03408970673127741, ""batch_size"": 112, ""activation"": ""tanh"", ""optimizer"": ""adam""}"
mlp,gwo,1,43,0.40018772073716635,0.24112402125395907,0.6387832699619772,0.6573569928571682,0.6544897972608427,0.6213882431086017,0.6445012787723785,0.6331658291457286,6.483515700005228,0.0,tensorflow,False,False,gwo|mlp|1|auto|InfoGain_7|hidden_neurons:408-learning_rate:9.893111402092552e-05-l2_alpha:8.686684966646276e-07-dropout_rate:0.012636054987208984-batch_size:128-activation:relu-optimizer:adam,True,-1,loky,0.6 * MCC + 0.4 * F1,"{""hidden_neurons"": 408, ""learning_rate"": 9.893111402092552e-05, ""l2_alpha"": 8.686684966646276e-07, ""dropout_rate"": 0.012636054987208984, ""batch_size"": 128, ""activation"": ""relu"", ""optimizer"": ""adam""}"
mlp,gwo,1,44,0.42258672401612807,0.2641139193939167,0.6602959309494452,0.6750223988157844,0.6741911450830729,0.6340086350049817,0.6483050847457628,0.6727386934673367,6.055729799998517,0.0,tensorflow,False,False,gwo|mlp|1|auto|InfoGain_7|hidden_neurons:429-learning_rate:0.0006607416822041956-l2_alpha:4.4345927624232977e-07-dropout_rate:0.004688070807688072-batch_size:128-activation:tanh-optimizer:rmsprop,True,-1,loky,0.6 * MCC + 0.4 * F1,"{""hidden_neurons"": 429, ""learning_rate"": 0.0006607416822041956, ""l2_alpha"": 4.4345927624232977e-07, ""dropout_rate"": 0.004688070807688072, ""batch_size"": 128, ""activation"": ""tanh"", ""optimizer"": ""rmsprop""}"
mlp,gwo,1,45,0.40708808973124033,0.2484402921994345,0.645059786028949,0.6674116707568851,0.6597854434320742,0.6253736300232481,0.6462799495586381,0.6438442211055276,5.318375399998331,0.0,tensorflow,False,False,gwo|mlp|1|auto|InfoGain_7|hidden_neurons:445-learning_rate:0.01-l2_alpha:6.233626631602575e-07-dropout_rate:0.011452030921666384-batch_size:112-activation:tanh-optimizer:adam,True,-1,loky,0.6 * MCC + 0.4 * F1,"{""hidden_neurons"": 445, ""learning_rate"": 0.01, ""l2_alpha"": 6.233626631602575e-07, ""dropout_rate"": 0.011452030921666384, ""batch_size"": 112, ""activation"": ""tanh"", ""optimizer"": ""adam""}"
mlp,gwo,1,46,0.4166376029153255,0.25484004192986065,0.6593339443935228,0.6726081074859852,0.6684676011875429,0.6296911325141149,0.6418798334324807,0.6777638190954773,6.574334200005978,0.0,tensorflow,False,False,gwo|mlp|1|auto|InfoGain_7|hidden_neurons:459-learning_rate:0.004303199820832063-l2_alpha:4.337038229328919e-06-dropout_rate:0.024909702061600456-batch_size:128-activation:relu-optimizer:adam,True,-1,loky,0.6 * MCC + 0.4 * F1,"{""hidden_neurons"": 459, ""learning_rate"": 0.004303199820832063, ""l2_alpha"": 4.337038229328919e-06, ""dropout_rate"": 0.024909702061600456, ""batch_size"": 128, ""activation"": ""relu"", ""optimizer"": ""adam""}"
mlp,gwo,1,47,0.4119212187590026,0.25558448962469227,0.6464263124604681,0.6696630616082526,0.664884240144969,0.6286947857854533,0.6509554140127388,0.6419597989949749,4.369632799993269,0.0,tensorflow,False,False,gwo|mlp|1|auto|InfoGain_7|hidden_neurons:349-learning_rate:0.0033264076882488325-l2_alpha:1.4632956934514258e-06-dropout_rate:0.049749362593402735-batch_size:128-activation:tanh-optimizer:adam,True,-1,loky,0.6 * MCC + 0.4 * F1,"{""hidden_neurons"": 349, ""learning_rate"": 0.0033264076882488325, ""l2_alpha"": 1.4632956934514258e-06, ""dropout_rate"": 0.049749362593402735, ""batch_size"": 128, ""activation"": ""tanh"", ""optimizer"": ""adam""}"
mlp,gwo,1,48,0.41517647895487103,0.25087318496506694,0.6616314199395771,0.6689472733647093,0.6703352813065231,0.6280305546330123,0.6373690337601863,0.6878140703517588,6.580326700001024,0.0,tensorflow,False,False,gwo|mlp|1|auto|InfoGain_7|hidden_neurons:277-learning_rate:0.00038219922971407253-l2_alpha:5.523077923712708e-05-dropout_rate:0.020615215335174655-batch_size:128-activation:tanh-optimizer:adam,True,-1,loky,0.6 * MCC + 0.4 * F1,"{""hidden_neurons"": 277, ""learning_rate"": 0.00038219922971407253, ""l2_alpha"": 5.523077923712708e-05, ""dropout_rate"": 0.020615215335174655, ""batch_size"": 128, ""activation"": ""tanh"", ""optimizer"": ""adam""}"
mlp,gwo,1,49,0.4095651746158179,0.2473350384855561,0.6529103788112104,0.672199970961219,0.6675841331496133,0.6257057455994686,0.6404833836858006,0.6658291457286433,6.299134000000777,0.0,tensorflow,False,False,gwo|mlp|1|auto|InfoGain_7|hidden_neurons:464-learning_rate:0.002745230282436655-l2_alpha:9.586289991576468e-06-dropout_rate:0.039361880971804854-batch_size:128-activation:relu-optimizer:adam,True,-1,loky,0.6 * MCC + 0.4 * F1,"{""hidden_neurons"": 464, ""learning_rate"": 0.002745230282436655, ""l2_alpha"": 9.586289991576468e-06, ""dropout_rate"": 0.039361880971804854, ""batch_size"": 128, ""activation"": ""relu"", ""optimizer"": ""adam""}"
mlp,gwo,1,50,0.4063642305426655,0.24676170085219587,0.64576802507837,0.6640348058120057,0.6575127678712299,0.624709398870807,0.6445556946182729,0.6469849246231156,5.061056700003974,0.0,tensorflow,False,False,gwo|mlp|1|auto|InfoGain_7|hidden_neurons:307-learning_rate:0.00930192722595728-l2_alpha:2.973886348829129e-08-dropout_rate:0.034064413836623425-batch_size:80-activation:tanh-optimizer:adam,True,-1,loky,0.6 * MCC + 0.4 * F1,"{""hidden_neurons"": 307, ""learning_rate"": 0.00930192722595728, ""l2_alpha"": 2.973886348829129e-08, ""dropout_rate"": 0.034064413836623425, ""batch_size"": 80, ""activation"": ""tanh"", ""optimizer"": ""adam""}"
mlp,gwo,1,51,0.41349436981823007,0.24984623946402076,0.6589665653495441,0.6708699859409806,0.6721625746622695,0.6273663234805712,0.6383981154299175,0.6809045226130653,7.289032299995597,0.0,tensorflow,False,False,gwo|mlp|1|auto|InfoGain_7|hidden_neurons:500-learning_rate:0.0003407873088895222-l2_alpha:3.0335704214710956e-05-dropout_rate:0.03176417538463522-batch_size:112-activation:tanh-optimizer:adam,True,-1,loky,0.6 * MCC + 0.4 * F1,"{""hidden_neurons"": 500, ""learning_rate"": 0.0003407873088895222, ""l2_alpha"": 3.0335704214710956e-05, ""dropout_rate"": 0.03176417538463522, ""batch_size"": 112, ""activation"": ""tanh"", ""optimizer"": ""adam""}"
mlp,gwo,1,52,0.4089517793960032,0.24277792540235635,0.6582125603864735,0.6652032183468435,0.6658401183272955,0.624045167718366,0.6337209302325582,0.6846733668341709,6.420228200004203,0.0,tensorflow,False,False,gwo|mlp|1|auto|InfoGain_7|hidden_neurons:354-learning_rate:0.00011659483895802718-l2_alpha:1e-08-dropout_rate:0.044107760324126576-batch_size:128-activation:tanh-optimizer:adam,True,-1,loky,0.6 * MCC + 0.4 * F1,"{""hidden_neurons"": 354, ""learning_rate"": 0.00011659483895802718, ""l2_alpha"": 1e-08, ""dropout_rate"": 0.044107760324126576, ""batch_size"": 128, ""activation"": ""tanh"", ""optimizer"": ""adam""}"
mlp,gwo,1,53,0.40841204724274505,0.2482992596962287,0.6485812285625195,0.6672058318371279,0.6605311265973726,0.6257057455994686,0.6439628482972136,0.6532663316582915,6.359470499999588,0.0,tensorflow,False,False,gwo|mlp|1|auto|InfoGain_7|hidden_neurons:383-learning_rate:0.006241705044970058-l2_alpha:3.3642550399710346e-07-dropout_rate:0.04730799512502778-batch_size:80-activation:tanh-optimizer:adam,True,-1,loky,0.6 * MCC + 0.4 * F1,"{""hidden_neurons"": 383, ""learning_rate"": 0.006241705044970058, ""l2_alpha"": 3.3642550399710346e-07, ""dropout_rate"": 0.04730799512502778, ""batch_size"": 80, ""activation"": ""tanh"", ""optimizer"": ""adam""}"
mlp,gwo,1,54,0.421273388716522,0.25902304091978834,0.6646489104116223,0.6746275422213251,0.6763523626899249,0.6320159415476586,0.6413551401869159,0.6896984924623115,7.208290000002307,0.0,tensorflow,False,False,gwo|mlp|1|auto|InfoGain_7|hidden_neurons:395-learning_rate:0.0012017769561145566-l2_alpha:3.202796594145848e-08-dropout_rate:0.034377708023337346-batch_size:112-activation:tanh-optimizer:adam,True,-1,loky,0.6 * MCC + 0.4 * F1,"{""hidden_neurons"": 395, ""learning_rate"": 0.0012017769561145566, ""l2_alpha"": 3.202796594145848e-08, ""dropout_rate"": 0.034377708023337346, ""batch_size"": 112, ""activation"": ""tanh"", ""optimizer"": ""adam""}"
mlp,gwo,1,55,0.420225243528953,0.25767968352484905,0.664043583535109,0.6744617644246603,0.6758212383342854,0.6313517103952175,0.6407710280373832,0.6890703517587939,7.094466000002285,0.0,tensorflow,False,False,gwo|mlp|1|auto|InfoGain_7|hidden_neurons:418-learning_rate:0.001245684724309689-l2_alpha:1.9700374951602115e-07-dropout_rate:0.020002447958235223-batch_size:112-activation:tanh-optimizer:adam,True,-1,loky,0.6 * MCC + 0.4 * F1,"{""hidden_neurons"": 418, ""learning_rate"": 0.001245684724309689, ""l2_alpha"": 1.9700374951602115e-07, ""dropout_rate"": 0.020002447958235223, ""batch_size"": 112, ""activation"": ""tanh"", ""optimizer"": ""adam""}"
mlp,gwo,1,56,0.4170808079662463,0.25364961134003117,0.662227602905569,0.6711734323484937,0.6724822875992278,0.6293590169378944,0.639018691588785,0.6871859296482412,7.816402399999788,0.0,tensorflow,False,False,gwo|mlp|1|auto|InfoGain_7|hidden_neurons:425-learning_rate:0.0003090310670932657-l2_alpha:1.1209816586599544e-08-dropout_rate:0.04137659757127802-batch_size:80-activation:tanh-optimizer:adam,True,-1,loky,0.6 * MCC + 0.4 * F1,"{""hidden_neurons"": 425, ""learning_rate"": 0.0003090310670932657, ""l2_alpha"": 1.1209816586599544e-08, ""dropout_rate"": 0.04137659757127802, ""batch_size"": 80, ""activation"": ""tanh"", ""optimizer"": ""adam""}"
mlp,gwo,1,57,0.4270303159216977,0.26553245424700617,0.6692771084337349,0.6755932144868104,0.6773943307796748,0.6353370973098639,0.6429398148148148,0.6978643216080402,7.1794258000008995,0.0,tensorflow,False,False,gwo|mlp|1|auto|InfoGain_7|hidden_neurons:500-learning_rate:0.0008849519219787788-l2_alpha:1.7596446886559472e-08-dropout_rate:0.020881490657105966-batch_size:112-activation:tanh-optimizer:adam,True,-1,loky,0.6 * MCC + 0.4 * F1,"{""hidden_neurons"": 500, ""learning_rate"": 0.0008849519219787788, ""l2_alpha"": 1.7596446886559472e-08, ""dropout_rate"": 0.020881490657105966, ""batch_size"": 112, ""activation"": ""tanh"", ""optimizer"": ""adam""}"
mlp,gwo,1,58,0.40980758854637667,0.24421450279003892,0.6581972171808832,0.66794508129088,0.6690731815327113,0.624709398870807,0.6347724620770129,0.6834170854271356,7.449973399998271,0.0,tensorflow,False,False,gwo|mlp|1|auto|InfoGain_7|hidden_neurons:500-learning_rate:0.000212522687460808-l2_alpha:9.37782076641014e-08-dropout_rate:0.059213397549040536-batch_size:112-activation:tanh-optimizer:adam,True,-1,loky,0.6 * MCC + 0.4 * F1,"{""hidden_neurons"": 500, ""learning_rate"": 0.000212522687460808, ""l2_alpha"": 9.37782076641014e-08, ""dropout_rate"": 0.059213397549040536, ""batch_size"": 112, ""activation"": ""tanh"", ""optimizer"": ""adam""}"
mlp,gwo,1,59,0.42022959914993385,0.2605835054999154,0.6596987396249616,0.6739082126630334,0.6735078237886905,0.6323480571238791,0.645996387718242,0.6739949748743719,7.498745999997482,0.0,tensorflow,False,False,gwo|mlp|1|auto|InfoGain_7|hidden_neurons:281-learning_rate:0.0006614795673976982-l2_alpha:6.655683086892075e-05-dropout_rate:0.026027203930952245-batch_size:128-activation:tanh-optimizer:rmsprop,True,-1,loky,0.6 * MCC + 0.4 * F1,"{""hidden_neurons"": 281, ""learning_rate"": 0.0006614795673976982, ""l2_alpha"": 6.655683086892075e-05, ""dropout_rate"": 0.026027203930952245, ""batch_size"": 128, ""activation"": ""tanh"", ""optimizer"": ""rmsprop""}"
mlp,gwo,1,60,0.42093734782298864,0.257385056554049,0.6662657847263981,0.6745275000796795,0.6761692184198795,0.6313517103952175,0.6389850057670127,0.6959798994974874,6.877513399995223,0.0,tensorflow,False,False,gwo|mlp|1|auto|InfoGain_7|hidden_neurons:426-learning_rate:0.0017719874720273374-l2_alpha:1.712105531761402e-06-dropout_rate:0.042459459608000155-batch_size:128-activation:tanh-optimizer:adam,True,-1,loky,0.6 * MCC + 0.4 * F1,"{""hidden_neurons"": 426, ""learning_rate"": 0.0017719874720273374, ""l2_alpha"": 1.712105531761402e-06, ""dropout_rate"": 0.042459459608000155, ""batch_size"": 128, ""activation"": ""tanh"", ""optimizer"": ""adam""}"
mlp,gwo,1,61,0.40960810113601986,0.2531726648610265,0.6442612555485099,0.6667467889128518,0.661714221980761,0.6273663234805712,0.6504481434058899,0.6381909547738693,4.915791999999783,0.0,tensorflow,False,False,gwo|mlp|1|auto|InfoGain_7|hidden_neurons:492-learning_rate:0.0014410416358049002-l2_alpha:1.3665452517530676e-07-dropout_rate:0.009715217744324461-batch_size:64-activation:tanh-optimizer:adam,True,-1,loky,0.6 * MCC + 0.4 * F1,"{""hidden_neurons"": 492, ""learning_rate"": 0.0014410416358049002, ""l2_alpha"": 1.3665452517530676e-07, ""dropout_rate"": 0.009715217744324461, ""batch_size"": 64, ""activation"": ""tanh"", ""optimizer"": ""adam""}"
mlp,gwo,1,62,0.3884131982804574,0.22805203868091578,0.6289549376797698,0.6498069098133373,0.6526214770241117,0.6144138160079707,0.6402081977878985,0.6180904522613065,5.906387500006531,0.0,tensorflow,False,False,gwo|mlp|1|auto|InfoGain_7|hidden_neurons:475-learning_rate:0.01-l2_alpha:9.72479219181101e-06-dropout_rate:0.021287984109563837-batch_size:128-activation:tanh-optimizer:rmsprop,True,-1,loky,0.6 * MCC + 0.4 * F1,"{""hidden_neurons"": 475, ""learning_rate"": 0.01, ""l2_alpha"": 9.72479219181101e-06, ""dropout_rate"": 0.021287984109563837, ""batch_size"": 128, ""activation"": ""tanh"", ""optimizer"": ""rmsprop""}"
mlp,gwo,1,63,0.4148681281326808,0.26118834207877906,0.6453878072135334,0.6697723997011131,0.6656613926110762,0.631019594818997,0.6560674886437379,0.6350502512562815,4.128334800006996,0.0,tensorflow,False,False,gwo|mlp|1|auto|InfoGain_7|hidden_neurons:402-learning_rate:0.003719959702347487-l2_alpha:5.463349075118447e-08-dropout_rate:0.031210687287883104-batch_size:128-activation:tanh-optimizer:adam,True,-1,loky,0.6 * MCC + 0.4 * F1,"{""hidden_neurons"": 402, ""learning_rate"": 0.003719959702347487, ""l2_alpha"": 5.463349075118447e-08, ""dropout_rate"": 0.031210687287883104, ""batch_size"": 128, ""activation"": ""tanh"", ""optimizer"": ""adam""}"
mlp,gwo,1,64,0.41781242677369307,0.25514781106686146,0.6618093503339405,0.6733261090512463,0.6746793087458794,0.6300232480903354,0.6404230317273796,0.6846733668341709,6.8373512999969535,0.0,tensorflow,False,False,gwo|mlp|1|auto|InfoGain_7|hidden_neurons:429-learning_rate:0.00049330236341214-l2_alpha:2.4248790423643783e-05-dropout_rate:0.036938135215377955-batch_size:112-activation:tanh-optimizer:adam,True,-1,loky,0.6 * MCC + 0.4 * F1,"{""hidden_neurons"": 429, ""learning_rate"": 0.00049330236341214, ""l2_alpha"": 2.4248790423643783e-05, ""dropout_rate"": 0.036938135215377955, ""batch_size"": 112, ""activation"": ""tanh"", ""optimizer"": ""adam""}"
mlp,gwo,1,65,0.40668754533915913,0.2392530410081381,0.6578393018356906,0.6643834039825626,0.6649701866713403,0.6223845898372634,0.6314269208549971,0.6865577889447236,6.731746199999179,0.0,tensorflow,False,False,gwo|mlp|1|auto|InfoGain_7|hidden_neurons:495-learning_rate:0.00012160677514032416-l2_alpha:1.2377073218290329e-08-dropout_rate:0.030910182684616094-batch_size:128-activation:tanh-optimizer:adam,True,-1,loky,0.6 * MCC + 0.4 * F1,"{""hidden_neurons"": 495, ""learning_rate"": 0.00012160677514032416, ""l2_alpha"": 1.2377073218290329e-08, ""dropout_rate"": 0.030910182684616094, ""batch_size"": 128, ""activation"": ""tanh"", ""optimizer"": ""adam""}"
mlp,gwo,1,66,0.41102209015248337,0.2505148530965161,0.6517829457364341,0.6703478633477464,0.6725097263942219,0.6270342079043507,0.6436007348438457,0.660175879396985,7.184257900000375,0.0,tensorflow,False,False,gwo|mlp|1|auto|InfoGain_7|hidden_neurons:500-learning_rate:0.003182034739485738-l2_alpha:2.7274603293753645e-06-dropout_rate:0.017345337695902276-batch_size:80-activation:tanh-optimizer:rmsprop,True,-1,loky,0.6 * MCC + 0.4 * F1,"{""hidden_neurons"": 500, ""learning_rate"": 0.003182034739485738, ""l2_alpha"": 2.7274603293753645e-06, ""dropout_rate"": 0.017345337695902276, ""batch_size"": 80, ""activation"": ""tanh"", ""optimizer"": ""rmsprop""}"
mlp,gwo,1,67,0.4150483343491249,0.2509325435360995,0.6612220205686631,0.6730047347378187,0.6739974624220622,0.6280305546330123,0.6376896149358227,0.6865577889447236,7.227160499998718,0.0,tensorflow,False,False,gwo|mlp|1|auto|InfoGain_7|hidden_neurons:450-learning_rate:0.00044047781726703377-l2_alpha:5.14834918094406e-07-dropout_rate:0.028327746765619253-batch_size:80-activation:tanh-optimizer:adam,True,-1,loky,0.6 * MCC + 0.4 * F1,"{""hidden_neurons"": 450, ""learning_rate"": 0.00044047781726703377, ""l2_alpha"": 5.14834918094406e-07, ""dropout_rate"": 0.028327746765619253, ""batch_size"": 80, ""activation"": ""tanh"", ""optimizer"": ""adam""}"
mlp,gwo,1,68,0.41398719499459874,0.2505340449666744,0.6591669200364852,0.671016729170872,0.6721790333398123,0.6276984390567918,0.63877430760165,0.6809045226130653,6.855454700002156,0.0,tensorflow,False,False,gwo|mlp|1|auto|InfoGain_7|hidden_neurons:500-learning_rate:0.0003585009306221978-l2_alpha:3.042225583572967e-06-dropout_rate:0.022300044252070356-batch_size:112-activation:tanh-optimizer:adam,True,-1,loky,0.6 * MCC + 0.4 * F1,"{""hidden_neurons"": 500, ""learning_rate"": 0.0003585009306221978, ""l2_alpha"": 3.042225583572967e-06, ""dropout_rate"": 0.022300044252070356, ""batch_size"": 112, ""activation"": ""tanh"", ""optimizer"": ""adam""}"
mlp,gwo,1,69,0.42408219823023363,0.2614238280786516,0.6680697534576068,0.6753083599817268,0.6769396221609999,0.6333444038525406,0.6407151095732411,0.6978643216080402,6.483156199996301,0.0,tensorflow,False,False,gwo|mlp|1|auto|InfoGain_7|hidden_neurons:500-learning_rate:0.001376401733748319-l2_alpha:7.70932418331337e-08-dropout_rate:0.012740066651761873-batch_size:128-activation:tanh-optimizer:adam,True,-1,loky,0.6 * MCC + 0.4 * F1,"{""hidden_neurons"": 500, ""learning_rate"": 0.001376401733748319, ""l2_alpha"": 7.70932418331337e-08, ""dropout_rate"": 0.012740066651761873, ""batch_size"": 128, ""activation"": ""tanh"", ""optimizer"": ""adam""}"
mlp,gwo,1,70,0.4206495240658876,0.2658798515989957,0.6528040327662256,0.6763167493563661,0.6763759400559324,0.6340086350049817,0.6548672566371682,0.6507537688442211,6.6953364000000875,0.0,tensorflow,False,False,gwo|mlp|1|auto|InfoGain_7|hidden_neurons:429-learning_rate:0.001117213092250361-l2_alpha:2.791271478236548e-07-dropout_rate:0.027437896121079258-batch_size:112-activation:tanh-optimizer:rmsprop,True,-1,loky,0.6 * MCC + 0.4 * F1,"{""hidden_neurons"": 429, ""learning_rate"": 0.001117213092250361, ""l2_alpha"": 2.791271478236548e-07, ""dropout_rate"": 0.027437896121079258, ""batch_size"": 112, ""activation"": ""tanh"", ""optimizer"": ""rmsprop""}"
mlp,gwo,1,71,0.4104547638521127,0.2547630255767888,0.6439923712650986,0.6684649905623963,0.6642969782944861,0.6280305546330123,0.6518661518661518,0.6363065326633166,4.170936700000311,0.0,tensorflow,False,False,gwo|mlp|1|auto|InfoGain_7|hidden_neurons:420-learning_rate:0.0026644183211192596-l2_alpha:8.597764327549096e-08-dropout_rate:0.011556473748944321-batch_size:128-activation:tanh-optimizer:adam,True,-1,loky,0.6 * MCC + 0.4 * F1,"{""hidden_neurons"": 420, ""learning_rate"": 0.0026644183211192596, ""l2_alpha"": 8.597764327549096e-08, ""dropout_rate"": 0.011556473748944321, ""batch_size"": 128, ""activation"": ""tanh"", ""optimizer"": ""adam""}"
mlp,gwo,1,72,0.40725084194758143,0.24826564110191549,0.6457286432160804,0.6681093097623424,0.6631886226980432,0.6253736300232481,0.6457286432160804,0.6457286432160804,4.641018299997086,0.0,tensorflow,False,False,gwo|mlp|1|auto|InfoGain_7|hidden_neurons:413-learning_rate:0.001449114655519413-l2_alpha:2.022051983327511e-08-dropout_rate:0.019761498511846158-batch_size:80-activation:tanh-optimizer:adam,True,-1,loky,0.6 * MCC + 0.4 * F1,"{""hidden_neurons"": 413, ""learning_rate"": 0.001449114655519413, ""l2_alpha"": 2.022051983327511e-08, ""dropout_rate"": 0.019761498511846158, ""batch_size"": 80, ""activation"": ""tanh"", ""optimizer"": ""adam""}"
mlp,gwo,1,73,0.42097353812052163,0.2582519806287361,0.6650558743581999,0.6739723989928501,0.6755009571610684,0.631683825971438,0.6404886561954625,0.6915829145728644,6.766859799994563,0.0,tensorflow,False,False,gwo|mlp|1|auto|InfoGain_7|hidden_neurons:469-learning_rate:0.0005873181996076485-l2_alpha:4.6410617915609434e-08-dropout_rate:0.008032266198222233-batch_size:112-activation:tanh-optimizer:adam,True,-1,loky,0.6 * MCC + 0.4 * F1,"{""hidden_neurons"": 469, ""learning_rate"": 0.0005873181996076485, ""l2_alpha"": 4.6410617915609434e-08, ""dropout_rate"": 0.008032266198222233, ""batch_size"": 112, ""activation"": ""tanh"", ""optimizer"": ""adam""}"
mlp,gwo,1,74,0.40747480938003755,0.24686059011694206,0.6483961382746808,0.6695143263888151,0.6652998833760898,0.6250415144470276,0.6429894996911674,0.6538944723618091,4.437101299998176,0.0,tensorflow,False,False,gwo|mlp|1|auto|InfoGain_7|hidden_neurons:455-learning_rate:0.0021953218451619253-l2_alpha:8.600523036559297e-08-dropout_rate:0.021972284790309035-batch_size:128-activation:tanh-optimizer:adam,True,-1,loky,0.6 * MCC + 0.4 * F1,"{""hidden_neurons"": 455, ""learning_rate"": 0.0021953218451619253, ""l2_alpha"": 8.600523036559297e-08, ""dropout_rate"": 0.021972284790309035, ""batch_size"": 128, ""activation"": ""tanh"", ""optimizer"": ""adam""}"
mlp,gwo,1,75,0.39661015568205116,0.22747166425361542,0.6503178928247049,0.6605981811807452,0.6612427680785881,0.616406509465294,0.6277030976037405,0.6746231155778895,6.316671499997028,0.0,tensorflow,False,False,gwo|mlp|1|auto|InfoGain_7|hidden_neurons:414-learning_rate:0.00010828697485359226-l2_alpha:2.474727920968734e-06-dropout_rate:0.017405149614103176-batch_size:112-activation:tanh-optimizer:adam,True,-1,loky,0.6 * MCC + 0.4 * F1,"{""hidden_neurons"": 414, ""learning_rate"": 0.00010828697485359226, ""l2_alpha"": 2.474727920968734e-06, ""dropout_rate"": 0.017405149614103176, ""batch_size"": 112, ""activation"": ""tanh"", ""optimizer"": ""adam""}"
mlp,gwo,1,76,0.41681181402954703,0.25897281342519357,0.6535703149360773,0.6732287228956624,0.6723601350837068,0.631019594818997,0.6489164086687307,0.6582914572864321,6.20820019999519,0.0,tensorflow,False,False,gwo|mlp|1|auto|InfoGain_7|hidden_neurons:500-learning_rate:0.001686154073726673-l2_alpha:2.2728060541539496e-08-dropout_rate:0.012061708207521902-batch_size:128-activation:tanh-optimizer:rmsprop,True,-1,loky,0.6 * MCC + 0.4 * F1,"{""hidden_neurons"": 500, ""learning_rate"": 0.001686154073726673, ""l2_alpha"": 2.2728060541539496e-08, ""dropout_rate"": 0.012061708207521902, ""batch_size"": 128, ""activation"": ""tanh"", ""optimizer"": ""rmsprop""}"
mlp,gwo,1,77,0.42191996692400546,0.25875550042889806,0.6666666666666666,0.6743902741331746,0.6760354474847159,0.6320159415476586,0.6397228637413395,0.6959798994974874,6.173038999993878,0.0,tensorflow,False,False,gwo|mlp|1|auto|InfoGain_7|hidden_neurons:500-learning_rate:0.0008092554467651115-l2_alpha:6.678840289183887e-07-dropout_rate:0.018582910006521645-batch_size:128-activation:tanh-optimizer:adam,True,-1,loky,0.6 * MCC + 0.4 * F1,"{""hidden_neurons"": 500, ""learning_rate"": 0.0008092554467651115, ""l2_alpha"": 6.678840289183887e-07, ""dropout_rate"": 0.018582910006521645, ""batch_size"": 128, ""activation"": ""tanh"", ""optimizer"": ""adam""}"
mlp,gwo,1,78,0.4229682291888885,0.2601014810588975,0.6672683513838749,0.6751545341223382,0.6768514148725746,0.6326801727000997,0.6403002309468823,0.696608040201005,6.222316400002455,0.0,tensorflow,False,False,gwo|mlp|1|auto|InfoGain_7|hidden_neurons:500-learning_rate:0.000881885809586671-l2_alpha:4.063378241247704e-08-dropout_rate:0.01276971508942431-batch_size:128-activation:tanh-optimizer:adam,True,-1,loky,0.6 * MCC + 0.4 * F1,"{""hidden_neurons"": 500, ""learning_rate"": 0.000881885809586671, ""l2_alpha"": 4.063378241247704e-08, ""dropout_rate"": 0.01276971508942431, ""batch_size"": 128, ""activation"": ""tanh"", ""optimizer"": ""adam""}"
mlp,gwo,1,79,0.4148681281326808,0.26118834207877906,0.6453878072135334,0.6697989595617269,0.6646375010560468,0.631019594818997,0.6560674886437379,0.6350502512562815,4.113857599993935,0.0,tensorflow,False,False,gwo|mlp|1|auto|InfoGain_7|hidden_neurons:449-learning_rate:0.003552150098345688-l2_alpha:1.2266519810412615e-07-dropout_rate:0.006820596334646906-batch_size:128-activation:tanh-optimizer:adam,True,-1,loky,0.6 * MCC + 0.4 * F1,"{""hidden_neurons"": 449, ""learning_rate"": 0.003552150098345688, ""l2_alpha"": 1.2266519810412615e-07, ""dropout_rate"": 0.006820596334646906, ""batch_size"": 128, ""activation"": ""tanh"", ""optimizer"": ""adam""}"
mlp,gwo,1,80,0.40690140845763706,0.24100391451058006,0.6557476493782226,0.6675579713224331,0.6687918796260511,0.6230488209897044,0.6340175953079179,0.6790201005025126,6.571718099999998,0.0,tensorflow,False,False,gwo|mlp|1|auto|InfoGain_7|hidden_neurons:489-learning_rate:0.00020969773080021893-l2_alpha:1.1875785087057678e-07-dropout_rate:0.014466081489397846-batch_size:112-activation:tanh-optimizer:adam,True,-1,loky,0.6 * MCC + 0.4 * F1,"{""hidden_neurons"": 489, ""learning_rate"": 0.00020969773080021893, ""l2_alpha"": 1.1875785087057678e-07, ""dropout_rate"": 0.014466081489397846, ""batch_size"": 112, ""activation"": ""tanh"", ""optimizer"": ""adam""}"
mlp,gwo,1,81,0.420225243528953,0.25767968352484905,0.664043583535109,0.6741406114434045,0.6757957212335605,0.6313517103952175,0.6407710280373832,0.6890703517587939,6.581883999999263,0.0,tensorflow,False,False,gwo|mlp|1|auto|InfoGain_7|hidden_neurons:426-learning_rate:0.0015649980922094213-l2_alpha:5.091346710031413e-08-dropout_rate:0.014380562257601454-batch_size:112-activation:tanh-optimizer:adam,True,-1,loky,0.6 * MCC + 0.4 * F1,"{""hidden_neurons"": 426, ""learning_rate"": 0.0015649980922094213, ""l2_alpha"": 5.091346710031413e-08, ""dropout_rate"": 0.014380562257601454, ""batch_size"": 112, ""activation"": ""tanh"", ""optimizer"": ""adam""}"
mlp,gwo,1,82,0.423165845791442,0.2600311644071581,0.6678678678678679,0.6750440893686189,0.6765034860781607,0.6326801727000997,0.6398158803222095,0.6984924623115578,6.496075700000802,0.0,tensorflow,False,False,gwo|mlp|1|auto|InfoGain_7|hidden_neurons:488-learning_rate:0.0012414475523084914-l2_alpha:1e-08-dropout_rate:0.014818520721745478-batch_size:128-activation:tanh-optimizer:adam,True,-1,loky,0.6 * MCC + 0.4 * F1,"{""hidden_neurons"": 488, ""learning_rate"": 0.0012414475523084914, ""l2_alpha"": 1e-08, ""dropout_rate"": 0.014818520721745478, ""batch_size"": 128, ""activation"": ""tanh"", ""optimizer"": ""adam""}"
mlp,gwo,1,83,0.40919063123738375,0.2511054258823188,0.6463184392699811,0.6650934375896396,0.6611855373723035,0.6267020923281302,0.6475409836065574,0.6451005025125628,4.366485800004739,0.0,tensorflow,False,False,gwo|mlp|1|auto|InfoGain_7|hidden_neurons:492-learning_rate:0.002015250781905281-l2_alpha:4.50996465000614e-08-dropout_rate:0.01587336721620464-batch_size:112-activation:tanh-optimizer:adam,True,-1,loky,0.6 * MCC + 0.4 * F1,"{""hidden_neurons"": 492, ""learning_rate"": 0.002015250781905281, ""l2_alpha"": 4.50996465000614e-08, ""dropout_rate"": 0.01587336721620464, ""batch_size"": 112, ""activation"": ""tanh"", ""optimizer"": ""adam""}"
mlp,gwo,1,84,0.4268681498069269,0.26473421745565556,0.6700690483338337,0.6759010875377593,0.677522936501435,0.6350049817336433,0.6417481311098332,0.7010050251256281,6.633945900000981,0.0,tensorflow,False,False,gwo|mlp|1|auto|InfoGain_7|hidden_neurons:499-learning_rate:0.001199597586961747-l2_alpha:1e-08-dropout_rate:0.017319485743824286-batch_size:128-activation:tanh-optimizer:adam,True,-1,loky,0.6 * MCC + 0.4 * F1,"{""hidden_neurons"": 499, ""learning_rate"": 0.001199597586961747, ""l2_alpha"": 1e-08, ""dropout_rate"": 0.017319485743824286, ""batch_size"": 128, ""activation"": ""tanh"", ""optimizer"": ""adam""}"
mlp,gwo,1,85,0.4125239829648675,0.24752788336392986,0.6600181323662738,0.6697303465884745,0.6711217141257366,0.6263699767519096,0.6359930110658125,0.6859296482412061,6.562605600003735,0.0,tensorflow,False,False,gwo|mlp|1|auto|InfoGain_7|hidden_neurons:500-learning_rate:0.00041531156941599815-l2_alpha:2.6161766891229887e-08-dropout_rate:0.015838075852739268-batch_size:128-activation:tanh-optimizer:adam,True,-1,loky,0.6 * MCC + 0.4 * F1,"{""hidden_neurons"": 500, ""learning_rate"": 0.00041531156941599815, ""l2_alpha"": 2.6161766891229887e-08, ""dropout_rate"": 0.015838075852739268, ""batch_size"": 128, ""activation"": ""tanh"", ""optimizer"": ""adam""}"
mlp,gwo,1,86,0.40703489590620134,0.24611603165449647,0.6484131922837586,0.670537323686792,0.6668237178294204,0.624709398870807,0.6424167694204685,0.6545226130653267,3.973092000000179,0.0,tensorflow,False,False,gwo|mlp|1|auto|InfoGain_7|hidden_neurons:463-learning_rate:0.0021669587957373706-l2_alpha:1.1508215481647586e-07-dropout_rate:0.014797320568874861-batch_size:128-activation:tanh-optimizer:adam,True,-1,loky,0.6 * MCC + 0.4 * F1,"{""hidden_neurons"": 463, ""learning_rate"": 0.0021669587957373706, ""l2_alpha"": 1.1508215481647586e-07, ""dropout_rate"": 0.014797320568874861, ""batch_size"": 128, ""activation"": ""tanh"", ""optimizer"": ""adam""}"
mlp,gwo,1,87,0.4072317864057984,0.2448408748422254,0.6508181537511578,0.6681951866449938,0.6656920311991513,0.6243772832945865,0.6399514268366727,0.6620603015075377,5.1132786000016495,0.0,tensorflow,False,False,gwo|mlp|1|auto|InfoGain_7|hidden_neurons:430-learning_rate:0.0015562696884456992-l2_alpha:4.037644808948285e-08-dropout_rate:0.013738328322411413-batch_size:112-activation:tanh-optimizer:adam,True,-1,loky,0.6 * MCC + 0.4 * F1,"{""hidden_neurons"": 430, ""learning_rate"": 0.0015562696884456992, ""l2_alpha"": 4.037644808948285e-08, ""dropout_rate"": 0.013738328322411413, ""batch_size"": 112, ""activation"": ""tanh"", ""optimizer"": ""adam""}"
mlp,gwo,1,88,0.42463926953181685,0.26208538710167056,0.6684700931770363,0.6752446163162535,0.6769007487986796,0.6336765194287612,0.6409221902017291,0.6984924623115578,6.754114999996091,0.0,tensorflow,False,False,gwo|mlp|1|auto|InfoGain_7|hidden_neurons:500-learning_rate:0.0009948388683495568-l2_alpha:4.7174481593698156e-07-dropout_rate:0.015292668719885332-batch_size:128-activation:tanh-optimizer:adam,True,-1,loky,0.6 * MCC + 0.4 * F1,"{""hidden_neurons"": 500, ""learning_rate"": 0.0009948388683495568, ""l2_alpha"": 4.7174481593698156e-07, ""dropout_rate"": 0.015292668719885332, ""batch_size"": 128, ""activation"": ""tanh"", ""optimizer"": ""adam""}"
mlp,gwo,1,89,0.4247052707047493,0.2620626044738712,0.6686692700510664,0.675237091022413,0.6768343501214575,0.6336765194287612,0.6407599309153713,0.6991206030150754,7.009910699998727,0.0,tensorflow,False,False,gwo|mlp|1|auto|InfoGain_7|hidden_neurons:489-learning_rate:0.0014484871189277503-l2_alpha:2.4272456586295103e-08-dropout_rate:0.016729300024794832-batch_size:128-activation:tanh-optimizer:adam,True,-1,loky,0.6 * MCC + 0.4 * F1,"{""hidden_neurons"": 489, ""learning_rate"": 0.0014484871189277503, ""l2_alpha"": 2.4272456586295103e-08, ""dropout_rate"": 0.016729300024794832, ""batch_size"": 128, ""activation"": ""tanh"", ""optimizer"": ""adam""}"
mlp,gwo,1,90,0.41924093099132353,0.25630697613294795,0.6636418632788869,0.6727515307333001,0.6740649053998796,0.6306874792427765,0.6400233372228705,0.6890703517587939,6.358606400004646,0.0,tensorflow,False,False,gwo|mlp|1|auto|InfoGain_7|hidden_neurons:499-learning_rate:0.0006200980645293756-l2_alpha:1e-08-dropout_rate:0.016077666715653-batch_size:128-activation:tanh-optimizer:adam,True,-1,loky,0.6 * MCC + 0.4 * F1,"{""hidden_neurons"": 499, ""learning_rate"": 0.0006200980645293756, ""l2_alpha"": 1e-08, ""dropout_rate"": 0.016077666715653, ""batch_size"": 128, ""activation"": ""tanh"", ""optimizer"": ""adam""}"
mlp,gwo,1,91,0.42093734782298864,0.257385056554049,0.6662657847263981,0.6743725675594321,0.6758781209805992,0.6313517103952175,0.6389850057670127,0.6959798994974874,7.854691300002742,0.0,tensorflow,False,False,gwo|mlp|1|auto|InfoGain_7|hidden_neurons:443-learning_rate:0.0019351903097747107-l2_alpha:1e-08-dropout_rate:0.01863975157219432-batch_size:128-activation:tanh-optimizer:adam,True,-1,loky,0.6 * MCC + 0.4 * F1,"{""hidden_neurons"": 443, ""learning_rate"": 0.0019351903097747107, ""l2_alpha"": 1e-08, ""dropout_rate"": 0.01863975157219432, ""batch_size"": 128, ""activation"": ""tanh"", ""optimizer"": ""adam""}"
mlp,gwo,1,92,0.42185448685438104,0.25878015519278236,0.6664659843467791,0.6739223779220272,0.6755328240315652,0.6320159415476586,0.6398843930635838,0.6953517587939698,7.091588700001012,0.0,tensorflow,False,False,gwo|mlp|1|auto|InfoGain_7|hidden_neurons:480-learning_rate:0.0008123436984418627-l2_alpha:1e-08-dropout_rate:0.01715533882200305-batch_size:128-activation:tanh-optimizer:adam,True,-1,loky,0.6 * MCC + 0.4 * F1,"{""hidden_neurons"": 480, ""learning_rate"": 0.0008123436984418627, ""l2_alpha"": 1e-08, ""dropout_rate"": 0.01715533882200305, ""batch_size"": 128, ""activation"": ""tanh"", ""optimizer"": ""adam""}"
mlp,gwo,1,93,0.4251963996309528,0.2627472045131265,0.6688701923076923,0.675213629812204,0.6764987483055354,0.6340086350049817,0.6411290322580645,0.6991206030150754,7.821076899999753,0.0,tensorflow,False,False,gwo|mlp|1|auto|InfoGain_7|hidden_neurons:500-learning_rate:0.0012846365471279669-l2_alpha:1e-08-dropout_rate:0.018865595644235778-batch_size:128-activation:tanh-optimizer:adam,True,-1,loky,0.6 * MCC + 0.4 * F1,"{""hidden_neurons"": 500, ""learning_rate"": 0.0012846365471279669, ""l2_alpha"": 1e-08, ""dropout_rate"": 0.018865595644235778, ""batch_size"": 128, ""activation"": ""tanh"", ""optimizer"": ""adam""}"
mlp,gwo,1,94,0.41982344239423963,0.2560635391688991,0.6654632972322503,0.67355009720909,0.6751076264983289,0.6306874792427765,0.6385681293302541,0.6947236180904522,7.27024540000275,0.0,tensorflow,False,False,gwo|mlp|1|auto|InfoGain_7|hidden_neurons:500-learning_rate:0.0006890897484725964-l2_alpha:1e-08-dropout_rate:0.0193807199074852-batch_size:128-activation:tanh-optimizer:adam,True,-1,loky,0.6 * MCC + 0.4 * F1,"{""hidden_neurons"": 500, ""learning_rate"": 0.0006890897484725964, ""l2_alpha"": 1e-08, ""dropout_rate"": 0.0193807199074852, ""batch_size"": 128, ""activation"": ""tanh"", ""optimizer"": ""adam""}"
mlp,gwo,1,95,0.4229682291888885,0.2601014810588975,0.6672683513838749,0.6747873440493518,0.6767283809042849,0.6326801727000997,0.6403002309468823,0.696608040201005,7.18506250000064,0.0,tensorflow,False,False,gwo|mlp|1|auto|InfoGain_7|hidden_neurons:495-learning_rate:0.0016495710416876482-l2_alpha:2.5786529344119347e-08-dropout_rate:0.018928967571681693-batch_size:128-activation:tanh-optimizer:adam,True,-1,loky,0.6 * MCC + 0.4 * F1,"{""hidden_neurons"": 495, ""learning_rate"": 0.0016495710416876482, ""l2_alpha"": 2.5786529344119347e-08, ""dropout_rate"": 0.018928967571681693, ""batch_size"": 128, ""activation"": ""tanh"", ""optimizer"": ""adam""}"
mlp,gwo,1,96,0.4279164938883925,0.26608117739529435,0.6706694686280397,0.6758674450476483,0.6771792843468125,0.6356692128860844,0.6423231742380678,0.7016331658291457,7.14296099999774,0.0,tensorflow,False,False,gwo|mlp|1|auto|InfoGain_7|hidden_neurons:453-learning_rate:0.001178947326268398-l2_alpha:2.5893757934111344e-08-dropout_rate:0.01762134867344024-batch_size:128-activation:tanh-optimizer:adam,True,-1,loky,0.6 * MCC + 0.4 * F1,"{""hidden_neurons"": 453, ""learning_rate"": 0.001178947326268398, ""l2_alpha"": 2.5893757934111344e-08, ""dropout_rate"": 0.01762134867344024, ""batch_size"": 128, ""activation"": ""tanh"", ""optimizer"": ""adam""}"
mlp,gwo,1,97,0.42303391476115193,0.2600775709037841,0.6674684305472038,0.6750533853198338,0.6768294623194725,0.6326801727000997,0.6401384083044983,0.6972361809045227,7.1117425999982515,0.0,tensorflow,False,False,gwo|mlp|1|auto|InfoGain_7|hidden_neurons:471-learning_rate:0.0009269668426704063-l2_alpha:2.1753164207331228e-08-dropout_rate:0.018651745453954375-batch_size:128-activation:tanh-optimizer:adam,True,-1,loky,0.6 * MCC + 0.4 * F1,"{""hidden_neurons"": 471, ""learning_rate"": 0.0009269668426704063, ""l2_alpha"": 2.1753164207331228e-08, ""dropout_rate"": 0.018651745453954375, ""batch_size"": 128, ""activation"": ""tanh"", ""optimizer"": ""adam""}"
mlp,gwo,1,98,0.42644368338712085,0.26402881444344173,0.6700659868026395,0.6751472301606694,0.676819893955414,0.6346728661574228,0.6412169919632607,0.7016331658291457,7.416283400001703,0.0,tensorflow,False,False,gwo|mlp|1|auto|InfoGain_7|hidden_neurons:496-learning_rate:0.0012466484883351236-l2_alpha:1e-08-dropout_rate:0.017400387159293634-batch_size:128-activation:tanh-optimizer:adam,True,-1,loky,0.6 * MCC + 0.4 * F1,"{""hidden_neurons"": 496, ""learning_rate"": 0.0012466484883351236, ""l2_alpha"": 1e-08, ""dropout_rate"": 0.017400387159293634, ""batch_size"": 128, ""activation"": ""tanh"", ""optimizer"": ""adam""}"
mlp,gwo,1,99,0.42254268008753326,0.2593925942546955,0.6672678088367899,0.6750215134870973,0.6766947537173764,0.6323480571238791,0.6397694524495677,0.6972361809045227,6.985226600001624,0.0,tensorflow,False,False,gwo|mlp|1|auto|InfoGain_7|hidden_neurons:500-learning_rate:0.0014871883379755841-l2_alpha:1.4082903308798886e-08-dropout_rate:0.01886090895751709-batch_size:128-activation:tanh-optimizer:adam,True,-1,loky,0.6 * MCC + 0.4 * F1,"{""hidden_neurons"": 500, ""learning_rate"": 0.0014871883379755841, ""l2_alpha"": 1.4082903308798886e-08, ""dropout_rate"": 0.01886090895751709, ""batch_size"": 128, ""activation"": ""tanh"", ""optimizer"": ""adam""}"
mlp,gwo,1,100,0.4220861838542742,0.2595691352798121,0.6658617567159674,0.6750759612013556,0.6767655249727647,0.6323480571238791,0.6409064497385241,0.6928391959798995,7.330131199996686,0.0,tensorflow,False,False,gwo|mlp|1|auto|InfoGain_7|hidden_neurons:497-learning_rate:0.0009145628515827356-l2_alpha:1e-08-dropout_rate:0.019847532474560187-batch_size:112-activation:tanh-optimizer:adam,True,-1,loky,0.6 * MCC + 0.4 * F1,"{""hidden_neurons"": 497, ""learning_rate"": 0.0009145628515827356, ""l2_alpha"": 1e-08, ""dropout_rate"": 0.019847532474560187, ""batch_size"": 112, ""activation"": ""tanh"", ""optimizer"": ""adam""}"
