model_type,optimizer,seed,candidate_id,fitness,mcc,f1,auc_roc,auc_pr,accuracy,precision,recall,train_time_seconds,eval_time_seconds,model_backend,official_experiment,cache_hit,cache_key,parallel_enabled,n_jobs,parallel_backend,fitness_formula,decoded_hyperparameters,evaluation_id
mlp,de,1,1,0.41263103337396,0.25603647037029514,0.6475228778794573,0.6676502668380662,0.6616025960642018,0.6290269013616738,0.6506024096385542,0.6444723618090452,4.973385600002075,0.0,tensorflow,False,False,de|mlp|1|auto|InfoGain_7|hidden_neurons:258-learning_rate:0.005044082462406216-l2_alpha:7.327531200248025e-08-dropout_rate:0.09486494471372439-batch_size:64-activation:tanh-optimizer:adam,True,-1,loky,0.6 * MCC + 0.4 * F1,"{""hidden_neurons"": 258, ""learning_rate"": 0.005044082462406216, ""l2_alpha"": 7.327531200248025e-08, ""dropout_rate"": 0.09486494471372439, ""batch_size"": 64, ""activation"": ""tanh"", ""optimizer"": ""adam""}",
mlp,de,1,2,0.3932121817455427,0.2326306911457765,0.634084417645192,0.655005781196327,0.6523800206104713,0.6170707406177349,0.640795381654907,0.6275125628140703,6.991985399996338,0.0,tensorflow,False,False,de|mlp|1|auto|InfoGain_7|hidden_neurons:208-learning_rate:1.9840934620783557e-05-l2_alpha:1.4633717925197205e-08-dropout_rate:0.07535131086748066-batch_size:80-activation:tanh-optimizer:adam,True,-1,loky,0.6 * MCC + 0.4 * F1,"{""hidden_neurons"": 208, ""learning_rate"": 1.9840934620783557e-05, ""l2_alpha"": 1.4633717925197205e-08, ""dropout_rate"": 0.07535131086748066, ""batch_size"": 80, ""activation"": ""tanh"", ""optimizer"": ""adam""}",
mlp,de,1,3,0.3968471491647999,0.23869965363623036,0.6340683924576542,0.6546620523335493,0.6517967058240852,0.6197276652274992,0.6454131424853611,0.6231155778894473,9.307307499999297,0.0,tensorflow,False,False,de|mlp|1|auto|InfoGain_7|hidden_neurons:155-learning_rate:5.260019290542263e-06-l2_alpha:6.371624645952766e-08-dropout_rate:0.040311298644712924-batch_size:32-activation:tanh-optimizer:adam,True,-1,loky,0.6 * MCC + 0.4 * F1,"{""hidden_neurons"": 155, ""learning_rate"": 5.260019290542263e-06, ""l2_alpha"": 6.371624645952766e-08, ""dropout_rate"": 0.040311298644712924, ""batch_size"": 32, ""activation"": ""tanh"", ""optimizer"": ""adam""}",
mlp,de,1,4,0.3942787202329334,0.23814522412069272,0.6284789644012945,0.6538982350087292,0.6474637383345097,0.6187313184988376,0.6481975967957276,0.6099246231155779,5.934663700005331,0.0,tensorflow,False,False,de|mlp|1|auto|InfoGain_7|hidden_neurons:144-learning_rate:8.149779273673193e-06-l2_alpha:0.007663430070998622-dropout_rate:0.09616571936637869-batch_size:112-activation:relu-optimizer:rmsprop,True,-1,loky,0.6 * MCC + 0.4 * F1,"{""hidden_neurons"": 144, ""learning_rate"": 8.149779273673193e-06, ""l2_alpha"": 0.007663430070998622, ""dropout_rate"": 0.09616571936637869, ""batch_size"": 112, ""activation"": ""relu"", ""optimizer"": ""rmsprop""}",
mlp,de,1,5,0.41084268568994614,0.24650937125480535,0.6573426573426573,0.6679875770678623,0.6617985816568772,0.6257057455994686,0.6370064820271066,0.6790201005025126,6.580726000000141,0.0,tensorflow,False,False,de|mlp|1|auto|InfoGain_7|hidden_neurons:85-learning_rate:0.006600129841247203-l2_alpha:1.248566025610184e-05-dropout_rate:0.011586561247077033-batch_size:80-activation:relu-optimizer:adam,True,-1,loky,0.6 * MCC + 0.4 * F1,"{""hidden_neurons"": 85, ""learning_rate"": 0.006600129841247203, ""l2_alpha"": 1.248566025610184e-05, ""dropout_rate"": 0.011586561247077033, ""batch_size"": 80, ""activation"": ""relu"", ""optimizer"": ""adam""}",
mlp,de,1,6,0.02975917803432062,-0.05323270570795444,0.1542470036477332,0.4077407828430383,0.47454148675397045,0.4609764197940883,0.4525993883792049,0.09296482412060302,11.641334599997208,0.0,tensorflow,False,False,de|mlp|1|auto|InfoGain_7|hidden_neurons:459-learning_rate:1.728053802450397e-08-l2_alpha:1.4843474801984847e-05-dropout_rate:0.045933588288540377-batch_size:16-activation:relu-optimizer:adam,True,-1,loky,0.6 * MCC + 0.4 * F1,"{""hidden_neurons"": 459, ""learning_rate"": 1.728053802450397e-08, ""l2_alpha"": 1.4843474801984847e-05, ""dropout_rate"": 0.045933588288540377, ""batch_size"": 16, ""activation"": ""relu"", ""optimizer"": ""adam""}",
mlp,de,1,7,0.058970808864811854,-0.03873771645061004,0.20553359683794467,0.5154427882895805,0.5214336625744849,0.4659581534373962,0.48148148148148145,0.1306532663316583,6.818007800000487,0.0,tensorflow,False,False,de|mlp|1|auto|InfoGain_7|hidden_neurons:299-learning_rate:3.63567192399217e-07-l2_alpha:0.001094684896692405-dropout_rate:0.05094958815215094-batch_size:80-activation:relu-optimizer:rmsprop,True,-1,loky,0.6 * MCC + 0.4 * F1,"{""hidden_neurons"": 299, ""learning_rate"": 3.63567192399217e-07, ""l2_alpha"": 0.001094684896692405, ""dropout_rate"": 0.05094958815215094, ""batch_size"": 80, ""activation"": ""relu"", ""optimizer"": ""rmsprop""}",
mlp,de,1,8,0.4034549205278506,0.23618596520582041,0.6543583535108959,0.6640560537004969,0.6640836391304668,0.6207240119561608,0.6314252336448598,0.6790201005025126,7.1235153000016,0.0,tensorflow,False,False,de|mlp|1|auto|InfoGain_7|hidden_neurons:411-learning_rate:0.00012581181742105929-l2_alpha:0.0005279364518951344-dropout_rate:0.019161625902013524-batch_size:112-activation:tanh-optimizer:rmsprop,True,-1,loky,0.6 * MCC + 0.4 * F1,"{""hidden_neurons"": 411, ""learning_rate"": 0.00012581181742105929, ""l2_alpha"": 0.0005279364518951344, ""dropout_rate"": 0.019161625902013524, ""batch_size"": 112, ""activation"": ""tanh"", ""optimizer"": ""rmsprop""}",
mlp,de,1,9,0.40282619103782313,0.23754370274490785,0.6507499234771962,0.6643887159546854,0.6628189902150627,0.6210561275323813,0.6346268656716418,0.667713567839196,9.562068400002318,0.0,tensorflow,False,False,de|mlp|1|auto|InfoGain_7|hidden_neurons:428-learning_rate:0.0014712991262701776-l2_alpha:0.0018164463637997954-dropout_rate:0.047190971935879025-batch_size:32-activation:tanh-optimizer:adam,True,-1,loky,0.6 * MCC + 0.4 * F1,"{""hidden_neurons"": 428, ""learning_rate"": 0.0014712991262701776, ""l2_alpha"": 0.0018164463637997954, ""dropout_rate"": 0.047190971935879025, ""batch_size"": 32, ""activation"": ""tanh"", ""optimizer"": ""adam""}",
mlp,de,1,10,0.407635295015091,0.243510405045539,0.653822629969419,0.671758191946342,0.6672660241187909,0.624045167718366,0.6370679380214541,0.6714824120603015,7.352773600003275,0.0,tensorflow,False,False,de|mlp|1|auto|InfoGain_7|hidden_neurons:361-learning_rate:0.0010313719100637885-l2_alpha:4.912097338001181e-07-dropout_rate:0.02152181671629736-batch_size:80-activation:relu-optimizer:adam,True,-1,loky,0.6 * MCC + 0.4 * F1,"{""hidden_neurons"": 361, ""learning_rate"": 0.0010313719100637885, ""l2_alpha"": 4.912097338001181e-07, ""dropout_rate"": 0.02152181671629736, ""batch_size"": 80, ""activation"": ""relu"", ""optimizer"": ""adam""}",
mlp,de,1,11,0.37140240969955707,0.20307110211980683,0.6238993710691824,0.639734082675534,0.6302302455551378,0.6027897708402524,0.6246851385390428,0.6231155778894473,10.140940599994792,0.0,tensorflow,False,False,de|mlp|1|auto|InfoGain_7|hidden_neurons:40-learning_rate:5.564309337746374e-05-l2_alpha:1e-08-dropout_rate:0.08936120608079151-batch_size:32-activation:tanh-optimizer:adam,True,-1,loky,0.6 * MCC + 0.4 * F1,"{""hidden_neurons"": 40, ""learning_rate"": 5.564309337746374e-05, ""l2_alpha"": 1e-08, ""dropout_rate"": 0.08936120608079151, ""batch_size"": 32, ""activation"": ""tanh"", ""optimizer"": ""adam""}",
mlp,de,1,12,0.4095045806582536,0.25330128522407347,0.6438095238095238,0.6660084247877867,0.6674986272763047,0.6273663234805712,0.6508344030808729,0.6369346733668342,13.591171800006123,0.0,tensorflow,False,False,de|mlp|1|auto|InfoGain_7|hidden_neurons:500-learning_rate:0.0015181020830168659-l2_alpha:3.937372724718144e-06-dropout_rate:0.1-batch_size:16-activation:tanh-optimizer:adam,True,-1,loky,0.6 * MCC + 0.4 * F1,"{""hidden_neurons"": 500, ""learning_rate"": 0.0015181020830168659, ""l2_alpha"": 3.937372724718144e-06, ""dropout_rate"": 0.1, ""batch_size"": 16, ""activation"": ""tanh"", ""optimizer"": ""adam""}",
mlp,de,1,13,0.39969104549559564,0.23153596949457803,0.651923659497122,0.6620912880115872,0.6627436408541797,0.6183992029226171,0.6296079578700995,0.6758793969849246,10.15524010000081,0.0,tensorflow,False,False,de|mlp|1|auto|InfoGain_7|hidden_neurons:357-learning_rate:4.843841183390821e-05-l2_alpha:1e-08-dropout_rate:0.1-batch_size:32-activation:tanh-optimizer:adam,True,-1,loky,0.6 * MCC + 0.4 * F1,"{""hidden_neurons"": 357, ""learning_rate"": 4.843841183390821e-05, ""l2_alpha"": 1e-08, ""dropout_rate"": 0.1, ""batch_size"": 32, ""activation"": ""tanh"", ""optimizer"": ""adam""}",
mlp,de,1,14,0.10750425046946485,0.0504138563233385,0.19313984168865436,0.5799336711747604,0.5789230771017004,0.4921952839588177,0.6039603960396039,0.11494974874371859,8.699136400005955,0.0,tensorflow,False,False,de|mlp|1|auto|InfoGain_7|hidden_neurons:144-learning_rate:0.01-l2_alpha:1e-08-dropout_rate:0.08635431310777397-batch_size:16-activation:tanh-optimizer:adam,True,-1,loky,0.6 * MCC + 0.4 * F1,"{""hidden_neurons"": 144, ""learning_rate"": 0.01, ""l2_alpha"": 1e-08, ""dropout_rate"": 0.08635431310777397, ""batch_size"": 16, ""activation"": ""tanh"", ""optimizer"": ""adam""}",
mlp,de,1,15,0.40785899107622237,0.24765851808607228,0.6481597005614473,0.6697283545989284,0.6639904512469904,0.6253736300232481,0.6437422552664188,0.6526381909547738,6.973067699997046,0.0,tensorflow,False,False,de|mlp|1|auto|InfoGain_7|hidden_neurons:85-learning_rate:0.01-l2_alpha:3.428524643824123e-06-dropout_rate:0.09587085163159531-batch_size:64-activation:tanh-optimizer:adam,True,-1,loky,0.6 * MCC + 0.4 * F1,"{""hidden_neurons"": 85, ""learning_rate"": 0.01, ""l2_alpha"": 3.428524643824123e-06, ""dropout_rate"": 0.09587085163159531, ""batch_size"": 64, ""activation"": ""tanh"", ""optimizer"": ""adam""}",
mlp,de,1,16,0.4083740449677329,0.24404523718810936,0.6548672566371682,0.6698653592132615,0.6646837153552816,0.6243772832945865,0.6367952522255192,0.6739949748743719,10.167458399999305,0.0,tensorflow,False,False,de|mlp|1|auto|InfoGain_7|hidden_neurons:96-learning_rate:0.001150945422424957-l2_alpha:1e-08-dropout_rate:0.1-batch_size:32-activation:relu-optimizer:adam,True,-1,loky,0.6 * MCC + 0.4 * F1,"{""hidden_neurons"": 96, ""learning_rate"": 0.001150945422424957, ""l2_alpha"": 1e-08, ""dropout_rate"": 0.1, ""batch_size"": 32, ""activation"": ""relu"", ""optimizer"": ""adam""}",
mlp,de,1,17,0.39700202088957404,0.23236146928448106,0.6439628482972136,0.6587496148820211,0.6587997045997591,0.6180670873463966,0.6349206349206349,0.6532663316582915,13.350989000005939,0.0,tensorflow,False,False,de|mlp|1|auto|InfoGain_7|hidden_neurons:315-learning_rate:1.6746731757738437e-05-l2_alpha:1e-08-dropout_rate:0.1-batch_size:16-activation:tanh-optimizer:rmsprop,True,-1,loky,0.6 * MCC + 0.4 * F1,"{""hidden_neurons"": 315, ""learning_rate"": 1.6746731757738437e-05, ""l2_alpha"": 1e-08, ""dropout_rate"": 0.1, ""batch_size"": 16, ""activation"": ""tanh"", ""optimizer"": ""rmsprop""}",
mlp,de,1,18,0.30523955854936713,0.05334424068913374,0.6830825353397173,0.5022310282915635,0.5198915225949916,0.5383593490534706,0.5361488904795991,0.9409547738693468,6.579029199994693,0.0,tensorflow,False,False,de|mlp|1|auto|InfoGain_7|hidden_neurons:154-learning_rate:6.562799637616591e-06-l2_alpha:0.0005279364518951344-dropout_rate:0.09787183768674193-batch_size:80-activation:relu-optimizer:rmsprop,True,-1,loky,0.6 * MCC + 0.4 * F1,"{""hidden_neurons"": 154, ""learning_rate"": 6.562799637616591e-06, ""l2_alpha"": 0.0005279364518951344, ""dropout_rate"": 0.09787183768674193, ""batch_size"": 80, ""activation"": ""relu"", ""optimizer"": ""rmsprop""}",
mlp,de,1,19,0.4022796847833294,0.2349105857499935,0.6533333333333333,0.6629478435163839,0.6633953363036302,0.6200597808037197,0.6311475409836066,0.6771356783919598,10.254614999998012,0.0,tensorflow,False,False,de|mlp|1|auto|InfoGain_7|hidden_neurons:357-learning_rate:4.843841183390821e-05-l2_alpha:1e-08-dropout_rate:0.1-batch_size:32-activation:tanh-optimizer:adam,True,-1,loky,0.6 * MCC + 0.4 * F1,"{""hidden_neurons"": 357, ""learning_rate"": 4.843841183390821e-05, ""l2_alpha"": 1e-08, ""dropout_rate"": 0.1, ""batch_size"": 32, ""activation"": ""tanh"", ""optimizer"": ""adam""}",
mlp,de,1,20,0.39557899021764337,0.24219535018821886,0.6256544502617801,0.6561201886812499,0.6489203278540695,0.6200597808037197,0.6530054644808743,0.6005025125628141,7.231666899999254,0.0,tensorflow,False,False,de|mlp|1|auto|InfoGain_7|hidden_neurons:31-learning_rate:7.89838089610366e-05-l2_alpha:2.3180253043762753e-07-dropout_rate:0.1-batch_size:80-activation:relu-optimizer:adam,True,-1,loky,0.6 * MCC + 0.4 * F1,"{""hidden_neurons"": 31, ""learning_rate"": 7.89838089610366e-05, ""l2_alpha"": 2.3180253043762753e-07, ""dropout_rate"": 0.1, ""batch_size"": 80, ""activation"": ""relu"", ""optimizer"": ""adam""}",
mlp,de,1,21,0.4079895072695542,0.24641174717321687,0.6503561474140601,0.6670796724992121,0.6675736943294172,0.6250415144470276,0.6414172266340867,0.6595477386934674,13.707959400002437,0.0,tensorflow,False,False,de|mlp|1|auto|InfoGain_7|hidden_neurons:267-learning_rate:0.0012473374980171252-l2_alpha:1e-08-dropout_rate:0.1-batch_size:16-activation:tanh-optimizer:adam,True,-1,loky,0.6 * MCC + 0.4 * F1,"{""hidden_neurons"": 267, ""learning_rate"": 0.0012473374980171252, ""l2_alpha"": 1e-08, ""dropout_rate"": 0.1, ""batch_size"": 16, ""activation"": ""tanh"", ""optimizer"": ""adam""}",
mlp,de,1,22,-0.020507292243846034,-0.06476705570052771,0.04588235294117647,0.5042084099142647,0.5176916390716073,0.46130853537030886,0.3611111111111111,0.024497487437185928,7.787119900000107,0.0,tensorflow,False,False,de|mlp|1|auto|InfoGain_7|hidden_neurons:176-learning_rate:0.01-l2_alpha:1.5992274882381776e-08-dropout_rate:0.1-batch_size:16-activation:tanh-optimizer:adam,True,-1,loky,0.6 * MCC + 0.4 * F1,"{""hidden_neurons"": 176, ""learning_rate"": 0.01, ""l2_alpha"": 1.5992274882381776e-08, ""dropout_rate"": 0.1, ""batch_size"": 16, ""activation"": ""tanh"", ""optimizer"": ""adam""}",
mlp,de,1,23,0.4062941196890011,0.2493720292148324,0.6416772554002541,0.6651317280553578,0.6668742830880766,0.6253736300232481,0.6491002570694088,0.6344221105527639,10.615111600003729,0.0,tensorflow,False,False,de|mlp|1|auto|InfoGain_7|hidden_neurons:46-learning_rate:0.00550672923392375-l2_alpha:1e-08-dropout_rate:0.1-batch_size:16-activation:tanh-optimizer:adam,True,-1,loky,0.6 * MCC + 0.4 * F1,"{""hidden_neurons"": 46, ""learning_rate"": 0.00550672923392375, ""l2_alpha"": 1e-08, ""dropout_rate"": 0.1, ""batch_size"": 16, ""activation"": ""tanh"", ""optimizer"": ""adam""}",
mlp,de,1,24,0.41244620466446674,0.24850456603145665,0.6583586626139818,0.6688883990070154,0.6690441611020053,0.6267020923281302,0.6378091872791519,0.6802763819095478,14.043707500000892,0.0,tensorflow,False,False,de|mlp|1|auto|InfoGain_7|hidden_neurons:476-learning_rate:9.892182289845063e-05-l2_alpha:1e-08-dropout_rate:0.1-batch_size:16-activation:tanh-optimizer:adam,True,-1,loky,0.6 * MCC + 0.4 * F1,"{""hidden_neurons"": 476, ""learning_rate"": 9.892182289845063e-05, ""l2_alpha"": 1e-08, ""dropout_rate"": 0.1, ""batch_size"": 16, ""activation"": ""tanh"", ""optimizer"": ""adam""}",
mlp,de,1,25,0.4027186206388543,0.23866535356013602,0.6487985212569316,0.6625884000694097,0.6613897458611657,0.6213882431086017,0.6366384522370012,0.6614321608040201,6.761783800000558,0.0,tensorflow,False,False,de|mlp|1|auto|InfoGain_7|hidden_neurons:84-learning_rate:0.00010494617540137505-l2_alpha:0.00016576111676967623-dropout_rate:0.1-batch_size:64-activation:tanh-optimizer:rmsprop,True,-1,loky,0.6 * MCC + 0.4 * F1,"{""hidden_neurons"": 84, ""learning_rate"": 0.00010494617540137505, ""l2_alpha"": 0.00016576111676967623, ""dropout_rate"": 0.1, ""batch_size"": 64, ""activation"": ""tanh"", ""optimizer"": ""rmsprop""}",
mlp,de,1,26,0.40899521571600783,0.24565910148193565,0.6539993870671161,0.6702827916892424,0.6654936557716662,0.6250415144470276,0.6385397965290245,0.6702261306532663,5.858967300002405,0.0,tensorflow,False,False,de|mlp|1|auto|InfoGain_7|hidden_neurons:187-learning_rate:0.000687889286866815-l2_alpha:3.6885678195761035e-06-dropout_rate:0.030194245435335207-batch_size:128-activation:relu-optimizer:rmsprop,True,-1,loky,0.6 * MCC + 0.4 * F1,"{""hidden_neurons"": 187, ""learning_rate"": 0.000687889286866815, ""l2_alpha"": 3.6885678195761035e-06, ""dropout_rate"": 0.030194245435335207, ""batch_size"": 128, ""activation"": ""relu"", ""optimizer"": ""rmsprop""}",
mlp,de,1,27,0.34722620056087516,0.20593496149275253,0.5591630591630592,0.6514761970529179,0.6558392028866185,0.5941547658585188,0.6567796610169492,0.48680904522613067,9.112784400000237,0.0,tensorflow,False,False,de|mlp|1|auto|InfoGain_7|hidden_neurons:397-learning_rate:0.004067859429670566-l2_alpha:1e-08-dropout_rate:0.1-batch_size:16-activation:tanh-optimizer:adam,True,-1,loky,0.6 * MCC + 0.4 * F1,"{""hidden_neurons"": 397, ""learning_rate"": 0.004067859429670566, ""l2_alpha"": 1e-08, ""dropout_rate"": 0.1, ""batch_size"": 16, ""activation"": ""tanh"", ""optimizer"": ""adam""}",
mlp,de,1,28,0.40627126323545615,0.24452985559920934,0.6488833746898263,0.6669763103749898,0.6678780328831411,0.624045167718366,0.6409313725490197,0.657035175879397,13.772714499995345,0.0,tensorflow,False,False,de|mlp|1|auto|InfoGain_7|hidden_neurons:267-learning_rate:0.0012473374980171252-l2_alpha:1e-08-dropout_rate:0.1-batch_size:16-activation:tanh-optimizer:adam,True,-1,loky,0.6 * MCC + 0.4 * F1,"{""hidden_neurons"": 267, ""learning_rate"": 0.0012473374980171252, ""l2_alpha"": 1e-08, ""dropout_rate"": 0.1, ""batch_size"": 16, ""activation"": ""tanh"", ""optimizer"": ""adam""}",
mlp,de,1,29,0.4032190056173628,0.23536802777458635,0.6549954723815273,0.6662054104206727,0.6670117957839086,0.6203918963799402,0.6304474142940151,0.6815326633165829,10.069022600000608,0.0,tensorflow,False,False,de|mlp|1|auto|InfoGain_7|hidden_neurons:428-learning_rate:9.892182289845063e-05-l2_alpha:1e-08-dropout_rate:0.1-batch_size:32-activation:tanh-optimizer:adam,True,-1,loky,0.6 * MCC + 0.4 * F1,"{""hidden_neurons"": 428, ""learning_rate"": 9.892182289845063e-05, ""l2_alpha"": 1e-08, ""dropout_rate"": 0.1, ""batch_size"": 32, ""activation"": ""tanh"", ""optimizer"": ""adam""}",
mlp,de,1,30,0.4079424765665407,0.2433187617572426,0.6548780487804878,0.6646684798198179,0.662764530410445,0.624045167718366,0.6362559241706162,0.6746231155778895,6.775817100002314,0.0,tensorflow,False,False,de|mlp|1|auto|InfoGain_7|hidden_neurons:297-learning_rate:9.612914315409245e-05-l2_alpha:0.003736768861891073-dropout_rate:0.09179752020682734-batch_size:112-activation:tanh-optimizer:rmsprop,True,-1,loky,0.6 * MCC + 0.4 * F1,"{""hidden_neurons"": 297, ""learning_rate"": 9.612914315409245e-05, ""l2_alpha"": 0.003736768861891073, ""dropout_rate"": 0.09179752020682734, ""batch_size"": 112, ""activation"": ""tanh"", ""optimizer"": ""rmsprop""}",
mlp,de,1,31,0.4017150943677106,0.235237121528959,0.6514320536258379,0.6635868294963188,0.6640222640636861,0.6200597808037197,0.6325443786982249,0.6714824120603015,8.782151100000192,0.0,tensorflow,False,False,de|mlp|1|auto|InfoGain_7|hidden_neurons:110-learning_rate:0.00013705202229763667-l2_alpha:1e-08-dropout_rate:0.09486494471372439-batch_size:32-activation:tanh-optimizer:rmsprop,True,-1,loky,0.6 * MCC + 0.4 * F1,"{""hidden_neurons"": 110, ""learning_rate"": 0.00013705202229763667, ""l2_alpha"": 1e-08, ""dropout_rate"": 0.09486494471372439, ""batch_size"": 32, ""activation"": ""tanh"", ""optimizer"": ""rmsprop""}",
mlp,de,1,32,0.40668754533915913,0.2392530410081381,0.6578393018356906,0.6661795145565743,0.667188864059512,0.6223845898372634,0.6314269208549971,0.6865577889447236,7.572765899996739,0.0,tensorflow,False,False,de|mlp|1|auto|InfoGain_7|hidden_neurons:428-learning_rate:0.0001711686602869698-l2_alpha:7.011734352242274e-06-dropout_rate:0.1-batch_size:64-activation:tanh-optimizer:adam,True,-1,loky,0.6 * MCC + 0.4 * F1,"{""hidden_neurons"": 428, ""learning_rate"": 0.0001711686602869698, ""l2_alpha"": 7.011734352242274e-06, ""dropout_rate"": 0.1, ""batch_size"": 64, ""activation"": ""tanh"", ""optimizer"": ""adam""}",
mlp,de,1,33,-0.03823659327097695,-0.08433803991456919,0.030915576694411414,0.39523285915128853,0.44884358652566836,0.45865161076054467,0.28888888888888886,0.016331658291457288,7.887312400001974,0.0,tensorflow,False,False,de|mlp|1|auto|InfoGain_7|hidden_neurons:235-learning_rate:0.01-l2_alpha:1e-08-dropout_rate:0.1-batch_size:16-activation:tanh-optimizer:adam,True,-1,loky,0.6 * MCC + 0.4 * F1,"{""hidden_neurons"": 235, ""learning_rate"": 0.01, ""l2_alpha"": 1e-08, ""dropout_rate"": 0.1, ""batch_size"": 16, ""activation"": ""tanh"", ""optimizer"": ""adam""}",
mlp,de,1,34,0.3996470580686109,0.23061401515657098,0.6531966224366706,0.6586515647299216,0.6512066169216456,0.6180670873463966,0.6281902552204176,0.6802763819095478,4.332572599996638,0.0,tensorflow,False,False,de|mlp|1|auto|InfoGain_7|hidden_neurons:213-learning_rate:0.01-l2_alpha:3.605153969511572e-07-dropout_rate:0.0907569004847039-batch_size:80-activation:relu-optimizer:adam,True,-1,loky,0.6 * MCC + 0.4 * F1,"{""hidden_neurons"": 213, ""learning_rate"": 0.01, ""l2_alpha"": 3.605153969511572e-07, ""dropout_rate"": 0.0907569004847039, ""batch_size"": 80, ""activation"": ""relu"", ""optimizer"": ""adam""}",
mlp,de,1,35,0.40900401007390647,0.25260321365856303,0.6436052046969216,0.6715833395306342,0.6656633620093215,0.6270342079043507,0.6504169339320077,0.6369346733668342,5.991649499999767,0.0,tensorflow,False,False,de|mlp|1|auto|InfoGain_7|hidden_neurons:153-learning_rate:0.0049298368445449955-l2_alpha:0.002103558840750954-dropout_rate:0.08830296087918627-batch_size:112-activation:relu-optimizer:rmsprop,True,-1,loky,0.6 * MCC + 0.4 * F1,"{""hidden_neurons"": 153, ""learning_rate"": 0.0049298368445449955, ""l2_alpha"": 0.002103558840750954, ""dropout_rate"": 0.08830296087918627, ""batch_size"": 112, ""activation"": ""relu"", ""optimizer"": ""rmsprop""}",
mlp,de,1,36,0.4131305664797038,0.2567327623146579,0.6477272727272727,0.6712699331753906,0.6651343901118303,0.6293590169378944,0.6510152284263959,0.6444723618090452,6.040698299999349,0.0,tensorflow,False,False,de|mlp|1|auto|InfoGain_7|hidden_neurons:153-learning_rate:0.0049298368445449955-l2_alpha:0.002103558840750954-dropout_rate:0.08830296087918627-batch_size:112-activation:relu-optimizer:rmsprop,True,-1,loky,0.6 * MCC + 0.4 * F1,"{""hidden_neurons"": 153, ""learning_rate"": 0.0049298368445449955, ""l2_alpha"": 0.002103558840750954, ""dropout_rate"": 0.08830296087918627, ""batch_size"": 112, ""activation"": ""relu"", ""optimizer"": ""rmsprop""}",
mlp,de,1,37,0.4029306039730792,0.2328079676400962,0.6581145584725537,0.6600236028627988,0.6516923813284053,0.6193955496512786,0.6267045454545455,0.6928391959798995,6.709225400001742,0.0,tensorflow,False,False,de|mlp|1|auto|InfoGain_7|hidden_neurons:315-learning_rate:0.01-l2_alpha:7.327531200248025e-08-dropout_rate:0.09486494471372439-batch_size:64-activation:relu-optimizer:adam,True,-1,loky,0.6 * MCC + 0.4 * F1,"{""hidden_neurons"": 315, ""learning_rate"": 0.01, ""l2_alpha"": 7.327531200248025e-08, ""dropout_rate"": 0.09486494471372439, ""batch_size"": 64, ""activation"": ""relu"", ""optimizer"": ""adam""}",
mlp,de,1,38,0.403348060576068,0.23530575667310696,0.6554115164305095,0.6649393903980791,0.6659995632453558,0.6203918963799402,0.6301449275362319,0.6827889447236181,7.448238400000264,0.0,tensorflow,False,False,de|mlp|1|auto|InfoGain_7|hidden_neurons:267-learning_rate:0.00020244212548197225-l2_alpha:7.327531200248025e-08-dropout_rate:0.09486494471372439-batch_size:64-activation:tanh-optimizer:adam,True,-1,loky,0.6 * MCC + 0.4 * F1,"{""hidden_neurons"": 267, ""learning_rate"": 0.00020244212548197225, ""l2_alpha"": 7.327531200248025e-08, ""dropout_rate"": 0.09486494471372439, ""batch_size"": 64, ""activation"": ""tanh"", ""optimizer"": ""adam""}",
mlp,de,1,39,0.4077020650510214,0.24665680200851092,0.6492699596147872,0.6683257726263452,0.6642161792062264,0.6250415144470276,0.6422864167178857,0.6564070351758794,8.140753400002723,0.0,tensorflow,False,False,de|mlp|1|auto|InfoGain_7|hidden_neurons:346-learning_rate:0.001044843868061332-l2_alpha:1.8598094333529222e-05-dropout_rate:0.1-batch_size:32-activation:tanh-optimizer:adam,True,-1,loky,0.6 * MCC + 0.4 * F1,"{""hidden_neurons"": 346, ""learning_rate"": 0.001044843868061332, ""l2_alpha"": 1.8598094333529222e-05, ""dropout_rate"": 0.1, ""batch_size"": 32, ""activation"": ""tanh"", ""optimizer"": ""adam""}",
mlp,de,1,40,0.41349436981823007,0.24984623946402076,0.6589665653495441,0.6699603107149561,0.6638141262187025,0.6273663234805712,0.6383981154299175,0.6809045226130653,5.903408300000592,0.0,tensorflow,False,False,de|mlp|1|auto|InfoGain_7|hidden_neurons:156-learning_rate:0.01-l2_alpha:8.287888404443424e-06-dropout_rate:0.03902034106199255-batch_size:128-activation:relu-optimizer:adam,True,-1,loky,0.6 * MCC + 0.4 * F1,"{""hidden_neurons"": 156, ""learning_rate"": 0.01, ""l2_alpha"": 8.287888404443424e-06, ""dropout_rate"": 0.03902034106199255, ""batch_size"": 128, ""activation"": ""relu"", ""optimizer"": ""adam""}",
mlp,de,1,41,0.4052621346976943,0.2442966770478669,0.6467103211724353,0.6606057064745858,0.6526599809425151,0.6237130521421455,0.6421052631578947,0.6513819095477387,5.549603200001002,0.0,tensorflow,False,False,de|mlp|1|auto|InfoGain_7|hidden_neurons:5-learning_rate:0.01-l2_alpha:8.287888404443424e-06-dropout_rate:0.03902034106199255-batch_size:128-activation:relu-optimizer:adam,True,-1,loky,0.6 * MCC + 0.4 * F1,"{""hidden_neurons"": 5, ""learning_rate"": 0.01, ""l2_alpha"": 8.287888404443424e-06, ""dropout_rate"": 0.03902034106199255, ""batch_size"": 128, ""activation"": ""relu"", ""optimizer"": ""adam""}",
mlp,de,1,42,0.40279164235434733,0.23464871634852014,0.6550060313630881,0.660422664768522,0.6513352689401314,0.6200597808037197,0.6299303944315545,0.6821608040201005,3.598032100002456,0.0,tensorflow,False,False,de|mlp|1|auto|InfoGain_7|hidden_neurons:500-learning_rate:0.01-l2_alpha:6.025572945296691e-06-dropout_rate:0.0-batch_size:128-activation:relu-optimizer:adam,True,-1,loky,0.6 * MCC + 0.4 * F1,"{""hidden_neurons"": 500, ""learning_rate"": 0.01, ""l2_alpha"": 6.025572945296691e-06, ""dropout_rate"": 0.0, ""batch_size"": 128, ""activation"": ""relu"", ""optimizer"": ""adam""}",
mlp,de,1,43,0.39245143095572654,0.2415137837752592,0.6188579017264276,0.6638814226169608,0.6604553244046133,0.6187313184988376,0.6563380281690141,0.585427135678392,9.025415700001759,0.0,tensorflow,False,False,de|mlp|1|auto|InfoGain_7|hidden_neurons:27-learning_rate:0.005678923743915742-l2_alpha:0.01-dropout_rate:0.03377075399436205-batch_size:16-activation:relu-optimizer:rmsprop,True,-1,loky,0.6 * MCC + 0.4 * F1,"{""hidden_neurons"": 27, ""learning_rate"": 0.005678923743915742, ""l2_alpha"": 0.01, ""dropout_rate"": 0.03377075399436205, ""batch_size"": 16, ""activation"": ""relu"", ""optimizer"": ""rmsprop""}",
mlp,de,1,44,0.4069136848785328,0.24401407943916487,0.6512630930375847,0.6653656761609315,0.6609564957597549,0.624045167718366,0.6390568319226119,0.6639447236180904,5.455848800003878,0.0,tensorflow,False,False,de|mlp|1|auto|InfoGain_7|hidden_neurons:187-learning_rate:0.01-l2_alpha:0.0024864120698966648-dropout_rate:0.0-batch_size:128-activation:relu-optimizer:adam,True,-1,loky,0.6 * MCC + 0.4 * F1,"{""hidden_neurons"": 187, ""learning_rate"": 0.01, ""l2_alpha"": 0.0024864120698966648, ""dropout_rate"": 0.0, ""batch_size"": 128, ""activation"": ""relu"", ""optimizer"": ""adam""}",
mlp,de,1,45,0.40406088343435953,0.23777117857094363,0.6534954407294833,0.6630757735116739,0.6545080751000147,0.6213882431086017,0.633097762073027,0.675251256281407,4.887401200001477,0.0,tensorflow,False,False,de|mlp|1|auto|InfoGain_7|hidden_neurons:279-learning_rate:0.01-l2_alpha:2.3935051183445105e-06-dropout_rate:0.011586561247077033-batch_size:112-activation:relu-optimizer:adam,True,-1,loky,0.6 * MCC + 0.4 * F1,"{""hidden_neurons"": 279, ""learning_rate"": 0.01, ""l2_alpha"": 2.3935051183445105e-06, ""dropout_rate"": 0.011586561247077033, ""batch_size"": 112, ""activation"": ""relu"", ""optimizer"": ""adam""}",
mlp,de,1,46,0.4094614174080543,0.25616396354873183,0.639407598197038,0.6684594572581016,0.6646399981236608,0.6280305546330123,0.6558784676354029,0.6237437185929648,4.38262979999854,0.0,tensorflow,False,False,de|mlp|1|auto|InfoGain_7|hidden_neurons:340-learning_rate:0.01-l2_alpha:1.3591920483796142e-07-dropout_rate:0.1-batch_size:112-activation:relu-optimizer:rmsprop,True,-1,loky,0.6 * MCC + 0.4 * F1,"{""hidden_neurons"": 340, ""learning_rate"": 0.01, ""l2_alpha"": 1.3591920483796142e-07, ""dropout_rate"": 0.1, ""batch_size"": 112, ""activation"": ""relu"", ""optimizer"": ""rmsprop""}",
mlp,de,1,47,0.40535285298434676,0.2399485475168351,0.6534593111856142,0.664028387179024,0.6598690998378008,0.6223845898372634,0.6346950858496152,0.6733668341708543,6.769552699995984,0.0,tensorflow,False,False,de|mlp|1|auto|InfoGain_7|hidden_neurons:52-learning_rate:0.01-l2_alpha:0.00341994129850337-dropout_rate:0.03902034106199255-batch_size:64-activation:relu-optimizer:adam,True,-1,loky,0.6 * MCC + 0.4 * F1,"{""hidden_neurons"": 52, ""learning_rate"": 0.01, ""l2_alpha"": 0.00341994129850337, ""dropout_rate"": 0.03902034106199255, ""batch_size"": 64, ""activation"": ""relu"", ""optimizer"": ""adam""}",
mlp,de,1,48,0.4116465239270253,0.24898603661040153,0.6556372549019608,0.6706475471083395,0.6735528421590081,0.6267020923281302,0.6399521531100478,0.6721105527638191,5.63727800000197,0.0,tensorflow,False,False,de|mlp|1|auto|InfoGain_7|hidden_neurons:5-learning_rate:0.01-l2_alpha:2.008487520957372e-08-dropout_rate:0.03902034106199255-batch_size:112-activation:tanh-optimizer:adam,True,-1,loky,0.6 * MCC + 0.4 * F1,"{""hidden_neurons"": 5, ""learning_rate"": 0.01, ""l2_alpha"": 2.008487520957372e-08, ""dropout_rate"": 0.03902034106199255, ""batch_size"": 112, ""activation"": ""tanh"", ""optimizer"": ""adam""}",
mlp,de,1,49,0.4117764419054767,0.24696437067024227,0.6589945487583283,0.6704344042269132,0.6659321817668321,0.6260378611756892,0.6362573099415205,0.6834170854271356,5.4558202999978676,0.0,tensorflow,False,False,de|mlp|1|auto|InfoGain_7|hidden_neurons:158-learning_rate:0.01-l2_alpha:1.8598094333529222e-05-dropout_rate:0.0-batch_size:128-activation:relu-optimizer:adam,True,-1,loky,0.6 * MCC + 0.4 * F1,"{""hidden_neurons"": 158, ""learning_rate"": 0.01, ""l2_alpha"": 1.8598094333529222e-05, ""dropout_rate"": 0.0, ""batch_size"": 128, ""activation"": ""relu"", ""optimizer"": ""adam""}",
mlp,de,1,50,0.4094471081073159,0.2474236671764956,0.6524822695035462,0.6654785555685403,0.6606380667559746,0.6257057455994686,0.6408237431859479,0.664572864321608,5.521420200006105,0.0,tensorflow,False,False,de|mlp|1|auto|InfoGain_7|hidden_neurons:52-learning_rate:0.01-l2_alpha:0.00341994129850337-dropout_rate:0.03902034106199255-batch_size:128-activation:relu-optimizer:adam,True,-1,loky,0.6 * MCC + 0.4 * F1,"{""hidden_neurons"": 52, ""learning_rate"": 0.01, ""l2_alpha"": 0.00341994129850337, ""dropout_rate"": 0.03902034106199255, ""batch_size"": 128, ""activation"": ""relu"", ""optimizer"": ""adam""}",
mlp,de,1,51,0.4052621346976943,0.2442966770478669,0.6467103211724353,0.6606057064745858,0.6526599809425151,0.6237130521421455,0.6421052631578947,0.6513819095477387,5.549603200001002,0.0,tensorflow,False,True,de|mlp|1|auto|InfoGain_7|hidden_neurons:5-learning_rate:0.01-l2_alpha:8.287888404443424e-06-dropout_rate:0.03902034106199255-batch_size:128-activation:relu-optimizer:adam,True,-1,loky,0.6 * MCC + 0.4 * F1,"{""hidden_neurons"": 5, ""learning_rate"": 0.01, ""l2_alpha"": 8.287888404443424e-06, ""dropout_rate"": 0.03902034106199255, ""batch_size"": 128, ""activation"": ""relu"", ""optimizer"": ""adam""}",51.0
mlp,de,1,52,0.4113461769419057,0.249190975091662,0.6545789797172711,0.6714804200707555,0.6681749279555719,0.6267020923281302,0.6407942238267148,0.6689698492462312,4.572788799996488,0.0,tensorflow,False,False,de|mlp|1|auto|InfoGain_7|hidden_neurons:17-learning_rate:0.01-l2_alpha:0.000505367098684816-dropout_rate:0.0-batch_size:128-activation:relu-optimizer:adam,True,-1,loky,0.6 * MCC + 0.4 * F1,"{""hidden_neurons"": 17, ""learning_rate"": 0.01, ""l2_alpha"": 0.000505367098684816, ""dropout_rate"": 0.0, ""batch_size"": 128, ""activation"": ""relu"", ""optimizer"": ""adam""}",
mlp,de,1,53,0.4147345209774316,0.258700797821332,0.648785105711581,0.6738440263332164,0.6677686066716717,0.630355363666556,0.6518706404565631,0.6457286432160804,4.8288421999968705,0.0,tensorflow,False,False,de|mlp|1|auto|InfoGain_7|hidden_neurons:152-learning_rate:0.005678923743915742-l2_alpha:0.0003641102203000643-dropout_rate:0.1-batch_size:112-activation:relu-optimizer:rmsprop,True,-1,loky,0.6 * MCC + 0.4 * F1,"{""hidden_neurons"": 152, ""learning_rate"": 0.005678923743915742, ""l2_alpha"": 0.0003641102203000643, ""dropout_rate"": 0.1, ""batch_size"": 112, ""activation"": ""relu"", ""optimizer"": ""rmsprop""}",
mlp,de,1,54,0.40197132177953626,0.24699926937466238,0.6344294003868471,0.6652822339321697,0.6660956618181679,0.623380936565925,0.6516556291390728,0.6180904522613065,6.880193600001803,0.0,tensorflow,False,False,de|mlp|1|auto|InfoGain_7|hidden_neurons:68-learning_rate:0.0062046169964345465-l2_alpha:3.83432374403878e-08-dropout_rate:0.08780406821239851-batch_size:16-activation:tanh-optimizer:adam,True,-1,loky,0.6 * MCC + 0.4 * F1,"{""hidden_neurons"": 68, ""learning_rate"": 0.0062046169964345465, ""l2_alpha"": 3.83432374403878e-08, ""dropout_rate"": 0.08780406821239851, ""batch_size"": 16, ""activation"": ""tanh"", ""optimizer"": ""adam""}",
mlp,de,1,55,0.4041387163075685,0.23677597071710696,0.6551828346932608,0.6614292834857869,0.6529747513261821,0.6210561275323813,0.6313337216074548,0.6809045226130653,3.344506100002036,0.0,tensorflow,False,False,de|mlp|1|auto|InfoGain_7|hidden_neurons:239-learning_rate:0.01-l2_alpha:6.69860067888273e-08-dropout_rate:0.03902034106199255-batch_size:128-activation:relu-optimizer:adam,True,-1,loky,0.6 * MCC + 0.4 * F1,"{""hidden_neurons"": 239, ""learning_rate"": 0.01, ""l2_alpha"": 6.69860067888273e-08, ""dropout_rate"": 0.03902034106199255, ""batch_size"": 128, ""activation"": ""relu"", ""optimizer"": ""adam""}",
mlp,de,1,56,0.40296271467398437,0.2354976157324853,0.6541603630862329,0.6617924895796814,0.6520104019958325,0.6203918963799402,0.6310566258026854,0.6790201005025126,3.3902733999930206,0.0,tensorflow,False,False,de|mlp|1|auto|InfoGain_7|hidden_neurons:239-learning_rate:0.01-l2_alpha:6.69860067888273e-08-dropout_rate:0.03902034106199255-batch_size:128-activation:relu-optimizer:adam,True,-1,loky,0.6 * MCC + 0.4 * F1,"{""hidden_neurons"": 239, ""learning_rate"": 0.01, ""l2_alpha"": 6.69860067888273e-08, ""dropout_rate"": 0.03902034106199255, ""batch_size"": 128, ""activation"": ""relu"", ""optimizer"": ""adam""}",
mlp,de,1,57,0.4069136848785328,0.24401407943916487,0.6512630930375847,0.6653656761609315,0.6609564957597549,0.624045167718366,0.6390568319226119,0.6639447236180904,5.455848800003878,0.0,tensorflow,False,True,de|mlp|1|auto|InfoGain_7|hidden_neurons:187-learning_rate:0.01-l2_alpha:0.0024864120698966648-dropout_rate:0.0-batch_size:128-activation:relu-optimizer:adam,True,-1,loky,0.6 * MCC + 0.4 * F1,"{""hidden_neurons"": 187, ""learning_rate"": 0.01, ""l2_alpha"": 0.0024864120698966648, ""dropout_rate"": 0.0, ""batch_size"": 128, ""activation"": ""relu"", ""optimizer"": ""adam""}",57.0
mlp,de,1,58,0.4039967017230703,0.23880220693781865,0.6517884439009477,0.6678808949610632,0.6659858893762652,0.6217203586848223,0.6349017272185825,0.6695979899497487,4.469521899998654,0.0,tensorflow,False,False,de|mlp|1|auto|InfoGain_7|hidden_neurons:5-learning_rate:0.01-l2_alpha:1e-08-dropout_rate:0.04426992812962305-batch_size:80-activation:relu-optimizer:adam,True,-1,loky,0.6 * MCC + 0.4 * F1,"{""hidden_neurons"": 5, ""learning_rate"": 0.01, ""l2_alpha"": 1e-08, ""dropout_rate"": 0.04426992812962305, ""batch_size"": 80, ""activation"": ""relu"", ""optimizer"": ""adam""}",
mlp,de,1,59,0.4136424539350373,0.2527713424356697,0.6549491211840888,0.670975118722577,0.6664369899080688,0.6283626702092329,0.6432465172622653,0.6670854271356784,5.216767099998833,0.0,tensorflow,False,False,de|mlp|1|auto|InfoGain_7|hidden_neurons:349-learning_rate:0.003826617370203462-l2_alpha:0.00020074418620874622-dropout_rate:0.04312838529101304-batch_size:112-activation:relu-optimizer:adam,True,-1,loky,0.6 * MCC + 0.4 * F1,"{""hidden_neurons"": 349, ""learning_rate"": 0.003826617370203462, ""l2_alpha"": 0.00020074418620874622, ""dropout_rate"": 0.04312838529101304, ""batch_size"": 112, ""activation"": ""relu"", ""optimizer"": ""adam""}",
mlp,de,1,60,0.41652976569023714,0.25592189320656583,0.6574415744157441,0.6724177618182527,0.6681024144171768,0.6300232480903354,0.6439759036144578,0.6714824120603015,5.023051199998008,0.0,tensorflow,False,False,de|mlp|1|auto|InfoGain_7|hidden_neurons:151-learning_rate:0.0062046169964345465-l2_alpha:1e-08-dropout_rate:0.08780406821239851-batch_size:112-activation:relu-optimizer:adam,True,-1,loky,0.6 * MCC + 0.4 * F1,"{""hidden_neurons"": 151, ""learning_rate"": 0.0062046169964345465, ""l2_alpha"": 1e-08, ""dropout_rate"": 0.08780406821239851, ""batch_size"": 112, ""activation"": ""relu"", ""optimizer"": ""adam""}",
mlp,de,1,61,0.41900386542798396,0.25937047071381986,0.6584539574992301,0.6733469142753938,0.6690771325499232,0.631683825971438,0.6459214501510574,0.6714824120603015,5.931907300000603,0.0,tensorflow,False,False,de|mlp|1|auto|InfoGain_7|hidden_neurons:206-learning_rate:0.004912912527986751-l2_alpha:6.042748525420697e-07-dropout_rate:0.1-batch_size:112-activation:relu-optimizer:adam,True,-1,loky,0.6 * MCC + 0.4 * F1,"{""hidden_neurons"": 206, ""learning_rate"": 0.004912912527986751, ""l2_alpha"": 6.042748525420697e-07, ""dropout_rate"": 0.1, ""batch_size"": 112, ""activation"": ""relu"", ""optimizer"": ""adam""}",
mlp,de,1,62,0.410815498077562,0.24958742881076984,0.6526576019777504,0.671780546495692,0.6676320071651098,0.6267020923281302,0.6423357664233577,0.6633165829145728,6.0943817000006675,0.0,tensorflow,False,False,de|mlp|1|auto|InfoGain_7|hidden_neurons:268-learning_rate:0.004235327135344774-l2_alpha:1e-08-dropout_rate:0.1-batch_size:128-activation:relu-optimizer:adam,True,-1,loky,0.6 * MCC + 0.4 * F1,"{""hidden_neurons"": 268, ""learning_rate"": 0.004235327135344774, ""l2_alpha"": 1e-08, ""dropout_rate"": 0.1, ""batch_size"": 128, ""activation"": ""relu"", ""optimizer"": ""adam""}",
mlp,de,1,63,0.4044394414293013,0.23756260629898707,0.6547546941247728,0.6628048629334127,0.6544006092689205,0.6213882431086017,0.6321637426900585,0.6790201005025126,4.62257800000225,0.0,tensorflow,False,False,de|mlp|1|auto|InfoGain_7|hidden_neurons:152-learning_rate:0.005678923743915742-l2_alpha:2.8162475755982517e-08-dropout_rate:0.1-batch_size:64-activation:relu-optimizer:adam,True,-1,loky,0.6 * MCC + 0.4 * F1,"{""hidden_neurons"": 152, ""learning_rate"": 0.005678923743915742, ""l2_alpha"": 2.8162475755982517e-08, ""dropout_rate"": 0.1, ""batch_size"": 64, ""activation"": ""relu"", ""optimizer"": ""adam""}",
mlp,de,1,64,0.41506968382858966,0.2548876035809004,0.6553428042001236,0.674020206741955,0.6703730107851542,0.6293590169378944,0.6445929526123937,0.6664572864321608,5.716682699996454,0.0,tensorflow,False,False,de|mlp|1|auto|InfoGain_7|hidden_neurons:42-learning_rate:0.01-l2_alpha:1e-08-dropout_rate:0.0171616995090495-batch_size:128-activation:relu-optimizer:adam,True,-1,loky,0.6 * MCC + 0.4 * F1,"{""hidden_neurons"": 42, ""learning_rate"": 0.01, ""l2_alpha"": 1e-08, ""dropout_rate"": 0.0171616995090495, ""batch_size"": 128, ""activation"": ""relu"", ""optimizer"": ""adam""}",
mlp,de,1,65,0.41300159043708834,0.24915842911397637,0.6587663324217563,0.6697312319171616,0.6699648497511755,0.6270342079043507,0.6380223660977046,0.6809045226130653,8.3060972999956,0.0,tensorflow,False,False,de|mlp|1|auto|InfoGain_7|hidden_neurons:411-learning_rate:0.00022634801189949636-l2_alpha:1e-08-dropout_rate:0.0975608136424797-batch_size:32-activation:tanh-optimizer:adam,True,-1,loky,0.6 * MCC + 0.4 * F1,"{""hidden_neurons"": 411, ""learning_rate"": 0.00022634801189949636, ""l2_alpha"": 1e-08, ""dropout_rate"": 0.0975608136424797, ""batch_size"": 32, ""activation"": ""tanh"", ""optimizer"": ""adam""}",
mlp,de,1,66,0.4082133745971367,0.255135051916252,0.6378308586184636,0.6668694069360191,0.6605719332588383,0.6273663234805712,0.6560424966799469,0.6206030150753769,4.486015399997996,0.0,tensorflow,False,False,de|mlp|1|auto|InfoGain_7|hidden_neurons:259-learning_rate:0.003945734033666605-l2_alpha:1e-08-dropout_rate:0.1-batch_size:80-activation:tanh-optimizer:adam,True,-1,loky,0.6 * MCC + 0.4 * F1,"{""hidden_neurons"": 259, ""learning_rate"": 0.003945734033666605, ""l2_alpha"": 1e-08, ""dropout_rate"": 0.1, ""batch_size"": 80, ""activation"": ""tanh"", ""optimizer"": ""adam""}",
mlp,de,1,67,0.4146679739581517,0.25112138545747414,0.6599878567091682,0.6702053254291187,0.6707010781622926,0.6280305546330123,0.6386603995299648,0.6827889447236181,8.303366000000096,0.0,tensorflow,False,False,de|mlp|1|auto|InfoGain_7|hidden_neurons:411-learning_rate:0.00022634801189949636-l2_alpha:1e-08-dropout_rate:0.0975608136424797-batch_size:32-activation:tanh-optimizer:adam,True,-1,loky,0.6 * MCC + 0.4 * F1,"{""hidden_neurons"": 411, ""learning_rate"": 0.00022634801189949636, ""l2_alpha"": 1e-08, ""dropout_rate"": 0.0975608136424797, ""batch_size"": 32, ""activation"": ""tanh"", ""optimizer"": ""adam""}",
mlp,de,1,68,0.40505459735556837,0.24116352171431032,0.6508912108174555,0.6661744239166232,0.6683438981686758,0.6227167054134839,0.6371841155234657,0.6652010050251256,5.589753100000962,0.0,tensorflow,False,False,de|mlp|1|auto|InfoGain_7|hidden_neurons:5-learning_rate:0.009133451561560394-l2_alpha:1e-08-dropout_rate:0.1-batch_size:112-activation:tanh-optimizer:adam,True,-1,loky,0.6 * MCC + 0.4 * F1,"{""hidden_neurons"": 5, ""learning_rate"": 0.009133451561560394, ""l2_alpha"": 1e-08, ""dropout_rate"": 0.1, ""batch_size"": 112, ""activation"": ""tanh"", ""optimizer"": ""adam""}",
mlp,de,1,69,0.40743990794634677,0.25193992961780676,0.6406898754391568,0.6673505830774733,0.6620080188256767,0.6263699767519096,0.6517218973359324,0.6300251256281407,5.051355299998249,0.0,tensorflow,False,False,de|mlp|1|auto|InfoGain_7|hidden_neurons:69-learning_rate:0.004449968754843233-l2_alpha:1e-08-dropout_rate:0.09707331721006014-batch_size:64-activation:tanh-optimizer:adam,True,-1,loky,0.6 * MCC + 0.4 * F1,"{""hidden_neurons"": 69, ""learning_rate"": 0.004449968754843233, ""l2_alpha"": 1e-08, ""dropout_rate"": 0.09707331721006014, ""batch_size"": 64, ""activation"": ""tanh"", ""optimizer"": ""adam""}",
mlp,de,1,70,0.41174754456429974,0.26006236398590027,0.6392753154318991,0.6701796508971921,0.662070274494143,0.6296911325141149,0.6591060707138092,0.6206030150753769,3.7924993999986327,0.0,tensorflow,False,False,de|mlp|1|auto|InfoGain_7|hidden_neurons:151-learning_rate:0.01-l2_alpha:1e-08-dropout_rate:0.04312838529101304-batch_size:128-activation:tanh-optimizer:adam,True,-1,loky,0.6 * MCC + 0.4 * F1,"{""hidden_neurons"": 151, ""learning_rate"": 0.01, ""l2_alpha"": 1e-08, ""dropout_rate"": 0.04312838529101304, ""batch_size"": 128, ""activation"": ""tanh"", ""optimizer"": ""adam""}",
mlp,de,1,71,0.40014957450300165,0.23636900188064774,0.6458204334365325,0.6562841958205402,0.6537839075657246,0.6200597808037197,0.6367521367521367,0.6551507537688442,5.728068099997472,0.0,tensorflow,False,False,de|mlp|1|auto|InfoGain_7|hidden_neurons:5-learning_rate:0.004912912527986751-l2_alpha:6.042748525420697e-07-dropout_rate:0.03568070869325583-batch_size:128-activation:relu-optimizer:adam,True,-1,loky,0.6 * MCC + 0.4 * F1,"{""hidden_neurons"": 5, ""learning_rate"": 0.004912912527986751, ""l2_alpha"": 6.042748525420697e-07, ""dropout_rate"": 0.03568070869325583, ""batch_size"": 128, ""activation"": ""relu"", ""optimizer"": ""adam""}",
mlp,de,1,72,0.40494734661916154,0.2512966442790809,0.6354234001292824,0.6673519110705041,0.6600806823984229,0.6253736300232481,0.6544607190412783,0.617462311557789,4.04903679999552,0.0,tensorflow,False,False,de|mlp|1|auto|InfoGain_7|hidden_neurons:204-learning_rate:0.005905340953421237-l2_alpha:1e-08-dropout_rate:0.0996008858665698-batch_size:112-activation:tanh-optimizer:adam,True,-1,loky,0.6 * MCC + 0.4 * F1,"{""hidden_neurons"": 204, ""learning_rate"": 0.005905340953421237, ""l2_alpha"": 1e-08, ""dropout_rate"": 0.0996008858665698, ""batch_size"": 112, ""activation"": ""tanh"", ""optimizer"": ""adam""}",
mlp,de,1,73,0.41061391803939185,0.24867230873314097,0.6535263319987681,0.6671938798998516,0.6633569632609215,0.6263699767519096,0.6410876132930513,0.6664572864321608,5.748611199996958,0.0,tensorflow,False,False,de|mlp|1|auto|InfoGain_7|hidden_neurons:5-learning_rate:0.01-l2_alpha:6.042748525420697e-07-dropout_rate:0.03568070869325583-batch_size:128-activation:relu-optimizer:adam,True,-1,loky,0.6 * MCC + 0.4 * F1,"{""hidden_neurons"": 5, ""learning_rate"": 0.01, ""l2_alpha"": 6.042748525420697e-07, ""dropout_rate"": 0.03568070869325583, ""batch_size"": 128, ""activation"": ""relu"", ""optimizer"": ""adam""}",
mlp,de,1,74,0.41862117637837004,0.25567955675535176,0.6630336058128974,0.6732187629479321,0.6741145978251517,0.630355363666556,0.6399766218585622,0.6878140703517588,7.66591960000369,0.0,tensorflow,False,False,de|mlp|1|auto|InfoGain_7|hidden_neurons:412-learning_rate:0.0004177287266691754-l2_alpha:1e-08-dropout_rate:0.1-batch_size:64-activation:tanh-optimizer:adam,True,-1,loky,0.6 * MCC + 0.4 * F1,"{""hidden_neurons"": 412, ""learning_rate"": 0.0004177287266691754, ""l2_alpha"": 1e-08, ""dropout_rate"": 0.1, ""batch_size"": 64, ""activation"": ""tanh"", ""optimizer"": ""adam""}",
mlp,de,1,75,0.4052863847927234,0.2507668832774476,0.637065637065637,0.6664785343206518,0.6598822508711992,0.6253736300232481,0.6530343007915568,0.621859296482412,4.396813100000145,0.0,tensorflow,False,False,de|mlp|1|auto|InfoGain_7|hidden_neurons:196-learning_rate:0.004912912527986751-l2_alpha:1e-08-dropout_rate:0.1-batch_size:112-activation:tanh-optimizer:adam,True,-1,loky,0.6 * MCC + 0.4 * F1,"{""hidden_neurons"": 196, ""learning_rate"": 0.004912912527986751, ""l2_alpha"": 1e-08, ""dropout_rate"": 0.1, ""batch_size"": 112, ""activation"": ""tanh"", ""optimizer"": ""adam""}",
mlp,de,1,76,0.41293798663778547,0.2501696680311909,0.6570904645476773,0.6730571904625312,0.668110848989624,0.6273663234805712,0.6398809523809523,0.675251256281407,7.4085353999980725,0.0,tensorflow,False,False,de|mlp|1|auto|InfoGain_7|hidden_neurons:472-learning_rate:0.0022781958828062936-l2_alpha:2.887109998689614e-07-dropout_rate:0.1-batch_size:80-activation:relu-optimizer:adam,True,-1,loky,0.6 * MCC + 0.4 * F1,"{""hidden_neurons"": 472, ""learning_rate"": 0.0022781958828062936, ""l2_alpha"": 2.887109998689614e-07, ""dropout_rate"": 0.1, ""batch_size"": 80, ""activation"": ""relu"", ""optimizer"": ""adam""}",
mlp,de,1,77,0.41541318201695754,0.2516807602938387,0.6610118146016358,0.671764389247152,0.6724243506176507,0.6283626702092329,0.6383850204798127,0.6853015075376885,7.397424499999033,0.0,tensorflow,False,False,de|mlp|1|auto|InfoGain_7|hidden_neurons:255-learning_rate:0.0005115738638040397-l2_alpha:1e-08-dropout_rate:0.1-batch_size:64-activation:tanh-optimizer:adam,True,-1,loky,0.6 * MCC + 0.4 * F1,"{""hidden_neurons"": 255, ""learning_rate"": 0.0005115738638040397, ""l2_alpha"": 1e-08, ""dropout_rate"": 0.1, ""batch_size"": 64, ""activation"": ""tanh"", ""optimizer"": ""adam""}",
mlp,de,1,78,0.411087167582178,0.24734040125484957,0.6567073170731708,0.665989832885357,0.6590532389616651,0.6260378611756892,0.6380331753554502,0.6765075376884422,5.834617900000012,0.0,tensorflow,False,False,de|mlp|1|auto|InfoGain_7|hidden_neurons:5-learning_rate:0.01-l2_alpha:0.0026929036600850456-dropout_rate:0.1-batch_size:128-activation:relu-optimizer:adam,True,-1,loky,0.6 * MCC + 0.4 * F1,"{""hidden_neurons"": 5, ""learning_rate"": 0.01, ""l2_alpha"": 0.0026929036600850456, ""dropout_rate"": 0.1, ""batch_size"": 128, ""activation"": ""relu"", ""optimizer"": ""adam""}",
mlp,de,1,79,0.4178963769910836,0.25807588255576075,0.6576271186440678,0.6720720409659291,0.6676957449084344,0.631019594818997,0.6454930429522081,0.6702261306532663,6.450737200000731,0.0,tensorflow,False,False,de|mlp|1|auto|InfoGain_7|hidden_neurons:206-learning_rate:0.004912912527986751-l2_alpha:6.042748525420697e-07-dropout_rate:0.04312838529101304-batch_size:112-activation:relu-optimizer:adam,True,-1,loky,0.6 * MCC + 0.4 * F1,"{""hidden_neurons"": 206, ""learning_rate"": 0.004912912527986751, ""l2_alpha"": 6.042748525420697e-07, ""dropout_rate"": 0.04312838529101304, ""batch_size"": 112, ""activation"": ""relu"", ""optimizer"": ""adam""}",
mlp,de,1,80,0.4078443968460467,0.24544084648102166,0.6514497223935842,0.6643400228768933,0.6559232239532259,0.624709398870807,0.64,0.6633165829145728,5.754279399996449,0.0,tensorflow,False,False,de|mlp|1|auto|InfoGain_7|hidden_neurons:5-learning_rate:0.01-l2_alpha:1.055674013902234e-06-dropout_rate:0.05316762193561028-batch_size:128-activation:relu-optimizer:adam,True,-1,loky,0.6 * MCC + 0.4 * F1,"{""hidden_neurons"": 5, ""learning_rate"": 0.01, ""l2_alpha"": 1.055674013902234e-06, ""dropout_rate"": 0.05316762193561028, ""batch_size"": 128, ""activation"": ""relu"", ""optimizer"": ""adam""}",
mlp,de,1,81,0.41661408369173436,0.25691473015659777,0.6561631139944393,0.6745786278113612,0.666926380317708,0.630355363666556,0.6455927051671733,0.6670854271356784,5.993264899996575,0.0,tensorflow,False,False,de|mlp|1|auto|InfoGain_7|hidden_neurons:250-learning_rate:0.004076038474070931-l2_alpha:1.6077633999253557e-05-dropout_rate:0.06425945366289162-batch_size:128-activation:relu-optimizer:rmsprop,True,-1,loky,0.6 * MCC + 0.4 * F1,"{""hidden_neurons"": 250, ""learning_rate"": 0.004076038474070931, ""l2_alpha"": 1.6077633999253557e-05, ""dropout_rate"": 0.06425945366289162, ""batch_size"": 128, ""activation"": ""relu"", ""optimizer"": ""rmsprop""}",
mlp,de,1,82,0.41501155891041636,0.2549327382746741,0.6551297898640297,0.672865295469596,0.668082248923071,0.6293590169378944,0.6447688564476886,0.6658291457286433,5.860676000003878,0.0,tensorflow,False,False,de|mlp|1|auto|InfoGain_7|hidden_neurons:80-learning_rate:0.005777636793066558-l2_alpha:6.042748525420697e-07-dropout_rate:0.1-batch_size:112-activation:relu-optimizer:adam,True,-1,loky,0.6 * MCC + 0.4 * F1,"{""hidden_neurons"": 80, ""learning_rate"": 0.005777636793066558, ""l2_alpha"": 6.042748525420697e-07, ""dropout_rate"": 0.1, ""batch_size"": 112, ""activation"": ""relu"", ""optimizer"": ""adam""}",
mlp,de,1,83,0.41244439864058535,0.24948086197710345,0.6568897036358081,0.6699556627393486,0.6646019484269924,0.6270342079043507,0.6395002974419988,0.675251256281407,5.629481399999349,0.0,tensorflow,False,False,de|mlp|1|auto|InfoGain_7|hidden_neurons:162-learning_rate:0.005921609832976552-l2_alpha:2.2711556777053946e-08-dropout_rate:0.1-batch_size:112-activation:relu-optimizer:adam,True,-1,loky,0.6 * MCC + 0.4 * F1,"{""hidden_neurons"": 162, ""learning_rate"": 0.005921609832976552, ""l2_alpha"": 2.2711556777053946e-08, ""dropout_rate"": 0.1, ""batch_size"": 112, ""activation"": ""relu"", ""optimizer"": ""adam""}",
mlp,de,1,84,0.41211489851640115,0.25294295222392715,0.6508728179551122,0.6715623129743149,0.6728457861316663,0.6280305546330123,0.6460396039603961,0.6557788944723618,6.519403600002988,0.0,tensorflow,False,False,de|mlp|1|auto|InfoGain_7|hidden_neurons:314-learning_rate:0.0031242937601537505-l2_alpha:4.648739871762345e-07-dropout_rate:0.1-batch_size:80-activation:tanh-optimizer:rmsprop,True,-1,loky,0.6 * MCC + 0.4 * F1,"{""hidden_neurons"": 314, ""learning_rate"": 0.0031242937601537505, ""l2_alpha"": 4.648739871762345e-07, ""dropout_rate"": 0.1, ""batch_size"": 80, ""activation"": ""tanh"", ""optimizer"": ""rmsprop""}",
mlp,de,1,85,0.40578301089911795,0.2500475586596552,0.639386189258312,0.6674977689717085,0.6618163484934816,0.6253736300232481,0.6510416666666666,0.628140703517588,6.147080999995524,0.0,tensorflow,False,False,de|mlp|1|auto|InfoGain_7|hidden_neurons:324-learning_rate:0.0027900055606965074-l2_alpha:0.006270511122897233-dropout_rate:0.1-batch_size:112-activation:relu-optimizer:rmsprop,True,-1,loky,0.6 * MCC + 0.4 * F1,"{""hidden_neurons"": 324, ""learning_rate"": 0.0027900055606965074, ""l2_alpha"": 0.006270511122897233, ""dropout_rate"": 0.1, ""batch_size"": 112, ""activation"": ""relu"", ""optimizer"": ""rmsprop""}",
mlp,de,1,86,0.41907108589615283,0.25548125410387845,0.6644558335845644,0.6718870072703191,0.6690826136635724,0.630355363666556,0.638840579710145,0.6922110552763819,5.473167099997227,0.0,tensorflow,False,False,de|mlp|1|auto|InfoGain_7|hidden_neurons:6-learning_rate:0.0049298368445449955-l2_alpha:0.002103558840750954-dropout_rate:0.05121627284959404-batch_size:128-activation:relu-optimizer:adam,True,-1,loky,0.6 * MCC + 0.4 * F1,"{""hidden_neurons"": 6, ""learning_rate"": 0.0049298368445449955, ""l2_alpha"": 0.002103558840750954, ""dropout_rate"": 0.05121627284959404, ""batch_size"": 128, ""activation"": ""relu"", ""optimizer"": ""adam""}",
mlp,de,1,87,0.4107592799753004,0.25712768314240264,0.641206675224647,0.6701190058821238,0.663857129533916,0.6286947857854533,0.655511811023622,0.6275125628140703,4.94874990000244,0.0,tensorflow,False,False,de|mlp|1|auto|InfoGain_7|hidden_neurons:205-learning_rate:0.00527349070307757-l2_alpha:1e-08-dropout_rate:0.09024325456991882-batch_size:112-activation:tanh-optimizer:adam,True,-1,loky,0.6 * MCC + 0.4 * F1,"{""hidden_neurons"": 205, ""learning_rate"": 0.00527349070307757, ""l2_alpha"": 1e-08, ""dropout_rate"": 0.09024325456991882, ""batch_size"": 112, ""activation"": ""tanh"", ""optimizer"": ""adam""}",
mlp,de,1,88,0.41045802127525133,0.2522071854901395,0.647834274952919,0.6669380199092714,0.6591078924002067,0.6273663234805712,0.6474278544542033,0.6482412060301508,5.510468000000401,0.0,tensorflow,False,False,de|mlp|1|auto|InfoGain_7|hidden_neurons:415-learning_rate:0.01-l2_alpha:2.008487520957372e-08-dropout_rate:0.1-batch_size:112-activation:tanh-optimizer:adam,True,-1,loky,0.6 * MCC + 0.4 * F1,"{""hidden_neurons"": 415, ""learning_rate"": 0.01, ""l2_alpha"": 2.008487520957372e-08, ""dropout_rate"": 0.1, ""batch_size"": 112, ""activation"": ""tanh"", ""optimizer"": ""adam""}",
mlp,de,1,89,0.4050744108417064,0.2526345803054547,0.6337341566460839,0.6674537238695238,0.6604923108899734,0.6257057455994686,0.6565656565656566,0.6124371859296482,3.9173072000048705,0.0,tensorflow,False,False,de|mlp|1|auto|InfoGain_7|hidden_neurons:204-learning_rate:0.005905340953421237-l2_alpha:6.042748525420697e-07-dropout_rate:0.0996008858665698-batch_size:112-activation:tanh-optimizer:adam,True,-1,loky,0.6 * MCC + 0.4 * F1,"{""hidden_neurons"": 204, ""learning_rate"": 0.005905340953421237, ""l2_alpha"": 6.042748525420697e-07, ""dropout_rate"": 0.0996008858665698, ""batch_size"": 112, ""activation"": ""tanh"", ""optimizer"": ""adam""}",
mlp,de,1,90,0.4043214574979477,0.2406486872476318,0.6498306128734216,0.6639721688073915,0.6597006498911273,0.6223845898372634,0.6374622356495468,0.6626884422110553,5.95148099999642,0.0,tensorflow,False,False,de|mlp|1|auto|InfoGain_7|hidden_neurons:151-learning_rate:0.01-l2_alpha:0.0035004194835513477-dropout_rate:0.01999999999999999-batch_size:112-activation:relu-optimizer:adam,True,-1,loky,0.6 * MCC + 0.4 * F1,"{""hidden_neurons"": 151, ""learning_rate"": 0.01, ""l2_alpha"": 0.0035004194835513477, ""dropout_rate"": 0.01999999999999999, ""batch_size"": 112, ""activation"": ""relu"", ""optimizer"": ""adam""}",
mlp,de,1,91,0.4117764419054767,0.24696437067024227,0.6589945487583283,0.6702836770179297,0.6714253579792013,0.6260378611756892,0.6362573099415205,0.6834170854271356,7.302788499997405,0.0,tensorflow,False,False,de|mlp|1|auto|InfoGain_7|hidden_neurons:270-learning_rate:0.0003691932093287172-l2_alpha:6.042748525420697e-07-dropout_rate:0.0492649237635778-batch_size:64-activation:tanh-optimizer:adam,True,-1,loky,0.6 * MCC + 0.4 * F1,"{""hidden_neurons"": 270, ""learning_rate"": 0.0003691932093287172, ""l2_alpha"": 6.042748525420697e-07, ""dropout_rate"": 0.0492649237635778, ""batch_size"": 64, ""activation"": ""tanh"", ""optimizer"": ""adam""}",
mlp,de,1,92,0.4092128242073607,0.24760612380773417,0.6516228748068006,0.6697533651343397,0.6649616343766296,0.6257057455994686,0.6415094339622641,0.6620603015075377,5.676492000005965,0.0,tensorflow,False,False,de|mlp|1|auto|InfoGain_7|hidden_neurons:5-learning_rate:0.008704850581727815-l2_alpha:0.00013812184087523-dropout_rate:0.04792983746637765-batch_size:128-activation:relu-optimizer:adam,True,-1,loky,0.6 * MCC + 0.4 * F1,"{""hidden_neurons"": 5, ""learning_rate"": 0.008704850581727815, ""l2_alpha"": 0.00013812184087523, ""dropout_rate"": 0.04792983746637765, ""batch_size"": 128, ""activation"": ""relu"", ""optimizer"": ""adam""}",
mlp,de,1,93,0.40443912024324097,0.24275364001141508,0.6469673405909798,0.6622918149592217,0.6616196851178036,0.6230488209897044,0.640788662969809,0.6532663316582915,4.194164200001978,0.0,tensorflow,False,False,de|mlp|1|auto|InfoGain_7|hidden_neurons:5-learning_rate:0.004943418265581285-l2_alpha:0.0003641102203000643-dropout_rate:0.012189291129269267-batch_size:128-activation:relu-optimizer:adam,True,-1,loky,0.6 * MCC + 0.4 * F1,"{""hidden_neurons"": 5, ""learning_rate"": 0.004943418265581285, ""l2_alpha"": 0.0003641102203000643, ""dropout_rate"": 0.012189291129269267, ""batch_size"": 128, ""activation"": ""relu"", ""optimizer"": ""adam""}",
mlp,de,1,94,0.4036924761325159,0.23900703499342457,0.650720637841153,0.6660429526065847,0.6621716018667981,0.6217203586848223,0.6357100059916118,0.6664572864321608,6.644057299999986,0.0,tensorflow,False,False,de|mlp|1|auto|InfoGain_7|hidden_neurons:206-learning_rate:0.00045704527658616993-l2_alpha:0.0012040911224192252-dropout_rate:0.1-batch_size:80-activation:relu-optimizer:adam,True,-1,loky,0.6 * MCC + 0.4 * F1,"{""hidden_neurons"": 206, ""learning_rate"": 0.00045704527658616993, ""l2_alpha"": 0.0012040911224192252, ""dropout_rate"": 0.1, ""batch_size"": 80, ""activation"": ""relu"", ""optimizer"": ""adam""}",
mlp,de,1,95,0.3931878251015267,0.21903562630535026,0.6544161232957914,0.6581471487104302,0.6536826581735841,0.6127532381268681,0.6195286195286195,0.6934673366834171,5.742025700004888,0.0,tensorflow,False,False,de|mlp|1|auto|InfoGain_7|hidden_neurons:6-learning_rate:0.0027996167510117237-l2_alpha:0.01-dropout_rate:0.06097301827967523-batch_size:128-activation:relu-optimizer:adam,True,-1,loky,0.6 * MCC + 0.4 * F1,"{""hidden_neurons"": 6, ""learning_rate"": 0.0027996167510117237, ""l2_alpha"": 0.01, ""dropout_rate"": 0.06097301827967523, ""batch_size"": 128, ""activation"": ""relu"", ""optimizer"": ""adam""}",
mlp,de,1,96,0.411766195641655,0.2479208283525301,0.6575342465753424,0.6683244446333145,0.6693729951971911,0.6263699767519096,0.6379208505611341,0.678391959798995,5.662342099996749,0.0,tensorflow,False,False,de|mlp|1|auto|InfoGain_7|hidden_neurons:5-learning_rate:0.007222051213010529-l2_alpha:0.003674937647252971-dropout_rate:0.012189291129269267-batch_size:128-activation:tanh-optimizer:adam,True,-1,loky,0.6 * MCC + 0.4 * F1,"{""hidden_neurons"": 5, ""learning_rate"": 0.007222051213010529, ""l2_alpha"": 0.003674937647252971, ""dropout_rate"": 0.012189291129269267, ""batch_size"": 128, ""activation"": ""tanh"", ""optimizer"": ""adam""}",
mlp,de,1,97,0.39198905281703256,0.22137316425343292,0.647912885662432,0.6603237292877353,0.6575469787626743,0.6134174692793092,0.6248541423570595,0.6727386934673367,5.861551599999075,0.0,tensorflow,False,False,de|mlp|1|auto|InfoGain_7|hidden_neurons:5-learning_rate:0.004998272228581891-l2_alpha:1.2559026763111104e-05-dropout_rate:0.05121627284959404-batch_size:128-activation:relu-optimizer:adam,True,-1,loky,0.6 * MCC + 0.4 * F1,"{""hidden_neurons"": 5, ""learning_rate"": 0.004998272228581891, ""l2_alpha"": 1.2559026763111104e-05, ""dropout_rate"": 0.05121627284959404, ""batch_size"": 128, ""activation"": ""relu"", ""optimizer"": ""adam""}",
mlp,de,1,98,0.3975530680733831,0.2261089565460407,0.6547192353643967,0.6624947765607458,0.6582019134142713,0.6160743938890734,0.6241457858769932,0.6884422110552764,5.654754300005152,0.0,tensorflow,False,False,de|mlp|1|auto|InfoGain_7|hidden_neurons:5-learning_rate:0.004943418265581285-l2_alpha:0.01-dropout_rate:0.057686582896458845-batch_size:128-activation:relu-optimizer:adam,True,-1,loky,0.6 * MCC + 0.4 * F1,"{""hidden_neurons"": 5, ""learning_rate"": 0.004943418265581285, ""l2_alpha"": 0.01, ""dropout_rate"": 0.057686582896458845, ""batch_size"": 128, ""activation"": ""relu"", ""optimizer"": ""adam""}",
mlp,de,1,99,0.42596749391703054,0.26796140335085245,0.6629766297662977,0.6740985583307659,0.676300664478757,0.6360013284623048,0.6493975903614457,0.6771356783919598,4.785702400004084,0.0,tensorflow,False,False,de|mlp|1|auto|InfoGain_7|hidden_neurons:5-learning_rate:0.005291657162487833-l2_alpha:4.720286607907116e-07-dropout_rate:0.04312838529101304-batch_size:128-activation:tanh-optimizer:adam,True,-1,loky,0.6 * MCC + 0.4 * F1,"{""hidden_neurons"": 5, ""learning_rate"": 0.005291657162487833, ""l2_alpha"": 4.720286607907116e-07, ""dropout_rate"": 0.04312838529101304, ""batch_size"": 128, ""activation"": ""tanh"", ""optimizer"": ""adam""}",
mlp,de,1,100,0.40239360658093704,0.2368129936389725,0.6507645259938838,0.6652724953166111,0.6669344720285316,0.6207240119561608,0.634088200238379,0.6683417085427136,6.490352300002996,0.0,tensorflow,False,False,de|mlp|1|auto|InfoGain_7|hidden_neurons:45-learning_rate:0.0008070268788244802-l2_alpha:1e-08-dropout_rate:0.09671356461678363-batch_size:80-activation:tanh-optimizer:adam,True,-1,loky,0.6 * MCC + 0.4 * F1,"{""hidden_neurons"": 45, ""learning_rate"": 0.0008070268788244802, ""l2_alpha"": 1e-08, ""dropout_rate"": 0.09671356461678363, ""batch_size"": 80, ""activation"": ""tanh"", ""optimizer"": ""adam""}",
