model_type,optimizer,seed,candidate_id,fitness,mcc,f1,auc_roc,auc_pr,accuracy,precision,recall,train_time_seconds,eval_time_seconds,model_backend,official_experiment,cache_hit,cache_key,parallel_enabled,n_jobs,parallel_backend,fitness_formula,fitness_mode,acc_train,decoded_hyperparameters,evaluation_id
svm,de,1,1,0.6208351947846765,0.0,0.0,0.0,0.0,0.6211668327244547,0.0,0.0,0.551871588999802,0.0,cuml,True,False,de|svm|1|cuda|InfoGain_7|C:1.1774154985086274-gamma:5.044082462406216-kernel:linear,False,1,loky,mean(0.4*Acc_tr + 0.6*Acc_val),accuracy_cv,0.6203377378750093,"{""C"": 1.1774154985086274, ""gamma"": 5.044082462406216, ""kernel"": ""linear""}",
svm,de,1,2,0.4542305096177126,0.0,0.0,0.0,0.0,0.4585409055684712,0.0,0.0,0.580645332000131,0.0,cuml,True,False,de|svm|1|cuda|InfoGain_7|C:491.9224950758322-gamma:0.0007429998260135517-kernel:linear,False,1,loky,mean(0.4*Acc_tr + 0.6*Acc_val),accuracy_cv,0.4477649156915748,"{""C"": 491.9224950758322, ""gamma"": 0.0007429998260135517, ""kernel"": ""linear""}",
svm,de,1,3,0.6494989649991324,0.0,0.0,0.0,0.0,0.6472932580538027,0.0,0.0,0.5565736459998334,0.0,cuml,True,False,de|svm|1|cuda|InfoGain_7|C:92.51572636262478-gamma:0.002852297479905831-kernel:rbf,False,1,loky,mean(0.4*Acc_tr + 0.6*Acc_val),accuracy_cv,0.6528075254171269,"{""C"": 92.51572636262478, ""gamma"": 0.002852297479905831, ""kernel"": ""rbf""}",
svm,de,1,4,0.5617249258353935,0.0,0.0,0.0,0.0,0.5561828849773054,0.0,0.0,0.4131090970004152,0.0,cuml,True,False,de|svm|1|cuda|InfoGain_7|C:0.0014633717925197204-gamma:0.33195457008935314-kernel:rbf,False,1,loky,mean(0.4*Acc_tr + 0.6*Acc_val),accuracy_cv,0.5700379871225254,"{""C"": 0.0014633717925197204, ""gamma"": 0.33195457008935314, ""kernel"": ""rbf""}",
svm,de,1,5,0.6525175453567228,0.0,0.0,0.0,0.0,0.6524964020812577,0.0,0.0,0.33589592299995275,0.0,cuml,True,False,de|svm|1|cuda|InfoGain_7|C:0.09514594829923427-gamma:0.5377398486025727-kernel:linear,False,1,loky,mean(0.4*Acc_tr + 0.6*Acc_val),accuracy_cv,0.6525492602699204,"{""C"": 0.09514594829923427, ""gamma"": 0.5377398486025727, ""kernel"": ""linear""}",
svm,de,1,6,0.6519271352238302,0.0,0.0,0.0,0.0,0.6515000553525959,0.0,0.0,0.4547129870002209,0.0,cuml,True,False,de|svm|1|cuda|InfoGain_7|C:0.5260019290542263-gamma:6.371624645952766e-05-kernel:linear,False,1,loky,mean(0.4*Acc_tr + 0.6*Acc_val),accuracy_cv,0.6525677550306813,"{""C"": 0.5260019290542263, ""gamma"": 6.371624645952766e-05, ""kernel"": ""linear""}",
svm,de,1,7,0.5284413559129341,0.0,0.0,0.0,0.0,0.5270674194619728,0.0,0.0,0.4208467999997083,0.0,cuml,True,False,de|svm|1|cuda|InfoGain_7|C:0.016623843590135228-gamma:0.00037486944450392407-kernel:rbf,False,1,loky,mean(0.4*Acc_tr + 0.6*Acc_val),accuracy_cv,0.5305022605893761,"{""C"": 0.016623843590135228, ""gamma"": 0.00037486944450392407, ""kernel"": ""rbf""}",
svm,de,1,8,0.6429535246454684,0.0,0.0,0.0,0.0,0.6426436399867154,0.0,0.0,0.40359938599976886,0.0,cuml,True,False,de|svm|1|cuda|InfoGain_7|C:0.048134065866204945-gamma:0.008149779273673193-kernel:rbf,False,1,loky,mean(0.4*Acc_tr + 0.6*Acc_val),accuracy_cv,0.643418351633598,"{""C"": 0.048134065866204945, ""gamma"": 0.008149779273673193, ""kernel"": ""rbf""}",
svm,de,1,9,0.5482148279086094,0.0,0.0,0.0,0.0,0.5382486438613971,0.0,0.0,0.728441316000044,0.0,cuml,True,False,de|svm|1|cuda|InfoGain_7|C:588.7665958550649-gamma:0.223223361907672-kernel:rbf,False,1,loky,mean(0.4*Acc_tr + 0.6*Acc_val),accuracy_cv,0.5631641039794278,"{""C"": 588.7665958550649, ""gamma"": 0.223223361907672, ""kernel"": ""rbf""}",
svm,de,1,10,0.5284118377961899,0.0,0.0,0.0,0.0,0.5270674194619728,0.0,0.0,0.4143610789997183,0.0,cuml,True,False,de|svm|1|cuda|InfoGain_7|C:0.045850832377340674-gamma:9.202631938291632e-05-kernel:rbf,False,1,loky,mean(0.4*Acc_tr + 0.6*Acc_val),accuracy_cv,0.5304284652975157,"{""C"": 0.045850832377340674, ""gamma"": 9.202631938291632e-05, ""kernel"": ""rbf""}",
svm,de,1,11,0.6520526215283233,0.0,0.0,0.0,0.0,0.6518321709288165,0.0,0.0,0.43196772200008127,0.0,cuml,True,False,de|svm|1|cuda|InfoGain_7|C:0.3736525318045731-gamma:0.00038861055380221536-kernel:linear,False,1,loky,mean(0.4*Acc_tr + 0.6*Acc_val),accuracy_cv,0.6523832974275834,"{""C"": 0.3736525318045731, ""gamma"": 0.00038861055380221536, ""kernel"": ""linear""}",
svm,de,1,12,0.652052583550014,0.0,0.0,0.0,0.0,0.651721465736743,0.0,0.0,0.30381834099989646,0.0,cuml,True,False,de|svm|1|cuda|InfoGain_7|C:0.09151789873160214-gamma:0.014886245789133145-kernel:linear,False,1,loky,mean(0.4*Acc_tr + 0.6*Acc_val),accuracy_cv,0.6525492602699204,"{""C"": 0.09151789873160214, ""gamma"": 0.014886245789133145, ""kernel"": ""linear""}",
svm,de,1,13,0.6519714393547071,0.0,0.0,0.0,0.0,0.651721465736743,0.0,0.0,0.42991267799970956,0.0,cuml,True,False,de|svm|1|cuda|InfoGain_7|C:0.38416463533304823-gamma:10.0-kernel:linear,False,1,loky,mean(0.4*Acc_tr + 0.6*Acc_val),accuracy_cv,0.6523463997816532,"{""C"": 0.38416463533304823, ""gamma"": 10.0, ""kernel"": ""linear""}",
svm,de,1,14,0.651705783649663,0.0,0.0,0.0,0.0,0.6515000553525961,0.0,0.0,0.5027929860002587,0.0,cuml,True,False,de|svm|1|cuda|InfoGain_7|C:0.6700425597479553-gamma:0.40072157462733643-kernel:linear,False,1,loky,mean(0.4*Acc_tr + 0.6*Acc_val),accuracy_cv,0.6520143760952636,"{""C"": 0.6700425597479553, ""gamma"": 0.40072157462733643, ""kernel"": ""linear""}",
svm,de,1,15,0.6130048832225156,0.0,0.0,0.0,0.0,0.6116461862061331,0.0,0.0,0.5636517630000526,0.0,cuml,True,False,de|svm|1|cuda|InfoGain_7|C:1.227925615604085-gamma:10.0-kernel:linear,False,1,loky,mean(0.4*Acc_tr + 0.6*Acc_val),accuracy_cv,0.6150429287470892,"{""C"": 1.227925615604085, ""gamma"": 10.0, ""kernel"": ""linear""}",
svm,de,1,16,0.6156706867311604,0.0,0.0,0.0,0.0,0.6128639433189417,0.0,0.0,0.5908919900002729,0.0,cuml,True,False,de|svm|1|cuda|InfoGain_7|C:20.084006533823537-gamma:4.741710567950349-kernel:linear,False,1,loky,mean(0.4*Acc_tr + 0.6*Acc_val),accuracy_cv,0.6198808018494885,"{""C"": 20.084006533823537, ""gamma"": 4.741710567950349, ""kernel"": ""linear""}",
svm,de,1,17,0.6438835009366389,0.0,0.0,0.0,0.0,0.644304217867818,0.0,0.0,0.25719008100031715,0.0,cuml,True,False,de|svm|1|cuda|InfoGain_7|C:0.001-gamma:10.0-kernel:linear,False,1,loky,mean(0.4*Acc_tr + 0.6*Acc_val),accuracy_cv,0.6432524255398703,"{""C"": 0.001, ""gamma"": 10.0, ""kernel"": ""linear""}",
svm,de,1,18,0.6419645611273631,0.0,0.0,0.0,0.0,0.6412044724897598,0.0,0.0,0.40762124699995184,0.0,cuml,True,False,de|svm|1|cuda|InfoGain_7|C:0.021647523498594428-gamma:0.016433738023159672-kernel:rbf,False,1,loky,mean(0.4*Acc_tr + 0.6*Acc_val),accuracy_cv,0.6431046940837682,"{""C"": 0.021647523498594428, ""gamma"": 0.016433738023159672, ""kernel"": ""rbf""}",
svm,de,1,19,0.5230707981015491,0.0,0.0,0.0,0.0,0.5193180560168272,0.0,0.0,0.5744710959997974,0.0,cuml,True,False,de|svm|1|cuda|InfoGain_7|C:153.44247921999317-gamma:0.07914919696682644-kernel:linear,False,1,loky,mean(0.4*Acc_tr + 0.6*Acc_val),accuracy_cv,0.528699911228632,"{""C"": 153.44247921999317, ""gamma"": 0.07914919696682644, ""kernel"": ""linear""}",
svm,de,1,20,0.6527094547650685,0.0,0.0,0.0,0.0,0.6524964020812577,0.0,0.0,0.29616768899995805,0.0,cuml,True,False,de|svm|1|cuda|InfoGain_7|C:0.045850832377340674-gamma:10.0-kernel:linear,False,1,loky,mean(0.4*Acc_tr + 0.6*Acc_val),accuracy_cv,0.6530290337907849,"{""C"": 0.045850832377340674, ""gamma"": 10.0, ""kernel"": ""linear""}",
svm,de,1,21,0.6437210998261514,0.0,0.0,0.0,0.0,0.6436399867153769,0.0,0.0,0.25554374400007873,0.0,cuml,True,False,de|svm|1|cuda|InfoGain_7|C:0.0012363527301872876-gamma:10.0-kernel:linear,False,1,loky,mean(0.4*Acc_tr + 0.6*Acc_val),accuracy_cv,0.6438427694923129,"{""C"": 0.0012363527301872876, ""gamma"": 10.0, ""kernel"": ""linear""}",
svm,de,1,22,0.6525470107900181,0.0,0.0,0.0,0.0,0.6521642865050371,0.0,0.0,0.2935155720001603,0.0,cuml,True,False,de|svm|1|cuda|InfoGain_7|C:0.07315681543623173-gamma:10.0-kernel:linear,False,1,loky,mean(0.4*Acc_tr + 0.6*Acc_val),accuracy_cv,0.6531210972174896,"{""C"": 0.07315681543623173, ""gamma"": 10.0, ""kernel"": ""linear""}",
svm,de,1,23,0.6521411636279345,0.0,0.0,0.0,0.0,0.6518321709288165,0.0,0.0,0.3562721739999688,0.0,cuml,True,False,de|svm|1|cuda|InfoGain_7|C:0.23624331570823406-gamma:0.8763851206304767-kernel:linear,False,1,loky,mean(0.4*Acc_tr + 0.6*Acc_val),accuracy_cv,0.6526046526766115,"{""C"": 0.23624331570823406, ""gamma"": 0.8763851206304767, ""kernel"": ""linear""}",
svm,de,1,24,0.6529603354956156,0.0,0.0,0.0,0.0,0.6530499280416252,0.0,0.0,0.3348448130000179,0.0,cuml,True,False,de|svm|1|cuda|InfoGain_7|C:0.18006315465225453-gamma:0.007226739004224804-kernel:linear,False,1,loky,mean(0.4*Acc_tr + 0.6*Acc_val),accuracy_cv,0.6528259466766011,"{""C"": 0.18006315465225453, ""gamma"": 0.007226739004224804, ""kernel"": ""linear""}",
svm,de,1,25,0.6438835009366389,0.0,0.0,0.0,0.0,0.644304217867818,0.0,0.0,0.25719008100031715,0.0,cuml,True,True,de|svm|1|cuda|InfoGain_7|C:0.001-gamma:10.0-kernel:linear,False,1,loky,mean(0.4*Acc_tr + 0.6*Acc_val),accuracy_cv,0.6432524255398703,"{""C"": 0.001, ""gamma"": 10.0, ""kernel"": ""linear""}",25.0
svm,de,1,26,0.6514254142028865,0.0,0.0,0.0,0.0,0.6509465293922285,0.0,0.0,0.2792279539999072,0.0,cuml,True,False,de|svm|1|cuda|InfoGain_7|C:0.029381855555104815-gamma:10.0-kernel:linear,False,1,loky,mean(0.4*Acc_tr + 0.6*Acc_val),accuracy_cv,0.6521437414188735,"{""C"": 0.029381855555104815, ""gamma"": 10.0, ""kernel"": ""linear""}",
svm,de,1,27,0.6527537736067807,0.0,0.0,0.0,0.0,0.6531606332336987,0.0,0.0,0.3302636450002865,0.0,cuml,True,False,de|svm|1|cuda|InfoGain_7|C:0.1444628899442579-gamma:10.0-kernel:linear,False,1,loky,mean(0.4*Acc_tr + 0.6*Acc_val),accuracy_cv,0.6521434841664039,"{""C"": 0.1444628899442579, ""gamma"": 10.0, ""kernel"": ""linear""}",
svm,de,1,28,0.6036181980878556,0.0,0.0,0.0,0.0,0.6134174692793092,0.0,0.0,0.6179031259998737,0.0,cuml,True,False,de|svm|1|cuda|InfoGain_7|C:1.7004037588662317-gamma:0.05473034028066192-kernel:linear,False,1,loky,mean(0.4*Acc_tr + 0.6*Acc_val),accuracy_cv,0.5889192913006752,"{""C"": 1.7004037588662317, ""gamma"": 0.05473034028066192, ""kernel"": ""linear""}",
svm,de,1,29,0.6526872720803998,0.0,0.0,0.0,0.0,0.6526071072733312,0.0,0.0,0.33871147199988627,0.0,cuml,True,False,de|svm|1|cuda|InfoGain_7|C:0.18575147100509665-gamma:0.1274007540425462-kernel:linear,False,1,loky,mean(0.4*Acc_tr + 0.6*Acc_val),accuracy_cv,0.6528075192910029,"{""C"": 0.18575147100509665, ""gamma"": 0.1274007540425462, ""kernel"": ""linear""}",
svm,de,1,30,0.6522961300708626,0.0,0.0,0.0,0.0,0.6520535813129636,0.0,0.0,0.3704491820003568,0.0,cuml,True,False,de|svm|1|cuda|InfoGain_7|C:0.21853293388254974-gamma:7.90344442392905-kernel:linear,False,1,loky,mean(0.4*Acc_tr + 0.6*Acc_val),accuracy_cv,0.652659953207711,"{""C"": 0.21853293388254974, ""gamma"": 7.90344442392905, ""kernel"": ""linear""}",
svm,de,1,31,0.6520526215283233,0.0,0.0,0.0,0.0,0.6518321709288165,0.0,0.0,0.4336977719999595,0.0,cuml,True,False,de|svm|1|cuda|InfoGain_7|C:0.3736525318045731-gamma:2.3539025212148057-kernel:linear,False,1,loky,mean(0.4*Acc_tr + 0.6*Acc_val),accuracy_cv,0.6523832974275834,"{""C"": 0.3736525318045731, ""gamma"": 2.3539025212148057, ""kernel"": ""linear""}",
svm,de,1,32,0.6525470107900181,0.0,0.0,0.0,0.0,0.6521642865050371,0.0,0.0,0.31337350900003,0.0,cuml,True,False,de|svm|1|cuda|InfoGain_7|C:0.07315681543623173-gamma:2.1380885760489976-kernel:linear,False,1,loky,mean(0.4*Acc_tr + 0.6*Acc_val),accuracy_cv,0.6531210972174896,"{""C"": 0.07315681543623173, ""gamma"": 2.1380885760489976, ""kernel"": ""linear""}",
svm,de,1,33,0.6525987422297826,0.0,0.0,0.0,0.0,0.6526071072733312,0.0,0.0,0.32909899800006315,0.0,cuml,True,False,de|svm|1|cuda|InfoGain_7|C:0.13696491380370812-gamma:0.030701097174131144-kernel:linear,False,1,loky,mean(0.4*Acc_tr + 0.6*Acc_val),accuracy_cv,0.6525861946644601,"{""C"": 0.13696491380370812, ""gamma"": 0.030701097174131144, ""kernel"": ""linear""}",
svm,de,1,34,0.6521780428987464,0.0,0.0,0.0,0.0,0.6518321709288165,0.0,0.0,0.35835053999971933,0.0,cuml,True,False,de|svm|1|cuda|InfoGain_7|C:0.21825623978705078-gamma:0.03380342984361182-kernel:linear,False,1,loky,mean(0.4*Acc_tr + 0.6*Acc_val),accuracy_cv,0.6526968508536412,"{""C"": 0.21825623978705078, ""gamma"": 0.03380342984361182, ""kernel"": ""linear""}",
svm,de,1,35,0.6520600782263342,0.0,0.0,0.0,0.0,0.6516107605446696,0.0,0.0,0.298985200000061,0.0,cuml,True,False,de|svm|1|cuda|InfoGain_7|C:0.03361462653769166-gamma:10.0-kernel:linear,False,1,loky,mean(0.4*Acc_tr + 0.6*Acc_val),accuracy_cv,0.652734054748831,"{""C"": 0.03361462653769166, ""gamma"": 10.0, ""kernel"": ""linear""}",
svm,de,1,36,0.6518385747462527,0.0,0.0,0.0,0.0,0.6513893501605225,0.0,0.0,0.4565150929997799,0.0,cuml,True,False,de|svm|1|cuda|InfoGain_7|C:0.5304062411112828-gamma:0.06518734480429604-kernel:linear,False,1,loky,mean(0.4*Acc_tr + 0.6*Acc_val),accuracy_cv,0.6525124116248481,"{""C"": 0.5304062411112828, ""gamma"": 0.06518734480429604, ""kernel"": ""linear""}",
svm,de,1,37,0.6524068438382897,0.0,0.0,0.0,0.0,0.6522749916971106,0.0,0.0,0.31357135799999014,0.0,cuml,True,False,de|svm|1|cuda|InfoGain_7|C:0.10809291033535802-gamma:0.2271152259221759-kernel:linear,False,1,loky,mean(0.4*Acc_tr + 0.6*Acc_val),accuracy_cv,0.6526046220500584,"{""C"": 0.10809291033535802, ""gamma"": 0.2271152259221759, ""kernel"": ""linear""}",
svm,de,1,38,0.6435069954686827,0.0,0.0,0.0,0.0,0.6430864607550094,0.0,0.0,0.4021661629999471,0.0,cuml,True,False,de|svm|1|cuda|InfoGain_7|C:0.048134065866204945-gamma:0.01068170525778163-kernel:rbf,False,1,loky,mean(0.4*Acc_tr + 0.6*Acc_val),accuracy_cv,0.6441377975391926,"{""C"": 0.048134065866204945, ""gamma"": 0.01068170525778163, ""kernel"": ""rbf""}",
svm,de,1,39,0.6517943073713081,0.0,0.0,0.0,0.0,0.6513893501605225,0.0,0.0,0.46467628999971566,0.0,cuml,True,False,de|svm|1|cuda|InfoGain_7|C:0.5063020493064251-gamma:1e-05-kernel:linear,False,1,loky,mean(0.4*Acc_tr + 0.6*Acc_val),accuracy_cv,0.6524017431874864,"{""C"": 0.5063020493064251, ""gamma"": 1e-05, ""kernel"": ""linear""}",
svm,de,1,40,0.6527094547650685,0.0,0.0,0.0,0.0,0.6524964020812577,0.0,0.0,0.29616768899995805,0.0,cuml,True,True,de|svm|1|cuda|InfoGain_7|C:0.045850832377340674-gamma:10.0-kernel:linear,False,1,loky,mean(0.4*Acc_tr + 0.6*Acc_val),accuracy_cv,0.6530290337907849,"{""C"": 0.045850832377340674, ""gamma"": 10.0, ""kernel"": ""linear""}",40.0
svm,de,1,41,0.6388717371050118,0.0,0.0,0.0,0.0,0.6357799180781579,0.0,0.0,0.5596121050002694,0.0,cuml,True,False,de|svm|1|cuda|InfoGain_7|C:1.2196990505732779-gamma:0.00012006876536713095-kernel:linear,False,1,loky,mean(0.4*Acc_tr + 0.6*Acc_val),accuracy_cv,0.6435094656452925,"{""C"": 1.2196990505732779, ""gamma"": 0.00012006876536713095, ""kernel"": ""linear""}",
svm,de,1,42,0.651912376165458,0.0,0.0,0.0,0.0,0.6515000553525959,0.0,0.0,0.46233273100006045,0.0,cuml,True,False,de|svm|1|cuda|InfoGain_7|C:0.5173717364546128-gamma:0.0052866893833121605-kernel:linear,False,1,loky,mean(0.4*Acc_tr + 0.6*Acc_val),accuracy_cv,0.6525308573847511,"{""C"": 0.5173717364546128, ""gamma"": 0.0052866893833121605, ""kernel"": ""linear""}",
svm,de,1,43,0.6521632838403744,0.0,0.0,0.0,0.0,0.6518321709288166,0.0,0.0,0.3108963440004118,0.0,cuml,True,False,de|svm|1|cuda|InfoGain_7|C:0.08544425724840862-gamma:0.06899622440305632-kernel:linear,False,1,loky,mean(0.4*Acc_tr + 0.6*Acc_val),accuracy_cv,0.652659953207711,"{""C"": 0.08544425724840862, ""gamma"": 0.06899622440305632, ""kernel"": ""linear""}",
svm,de,1,44,0.6489455701463697,0.0,0.0,0.0,0.0,0.6477360788220967,0.0,0.0,0.5485558469999887,0.0,cuml,True,False,de|svm|1|cuda|InfoGain_7|C:0.8725913236898296-gamma:1e-05-kernel:linear,False,1,loky,mean(0.4*Acc_tr + 0.6*Acc_val),accuracy_cv,0.6507598071327793,"{""C"": 0.8725913236898296, ""gamma"": 1e-05, ""kernel"": ""linear""}",
svm,de,1,45,0.6521337755238018,0.0,0.0,0.0,0.0,0.6518321709288165,0.0,0.0,0.3864140769996993,0.0,cuml,True,False,de|svm|1|cuda|InfoGain_7|C:0.31033164230920174-gamma:0.024826861180508975-kernel:linear,False,1,loky,mean(0.4*Acc_tr + 0.6*Acc_val),accuracy_cv,0.6525861824162796,"{""C"": 0.31033164230920174, ""gamma"": 0.024826861180508975, ""kernel"": ""linear""}",
svm,de,1,46,0.5303084601257188,0.0,0.0,0.0,0.0,0.5282851765747812,0.0,0.0,0.41529663499977687,0.0,cuml,True,False,de|svm|1|cuda|InfoGain_7|C:0.12881993012286733-gamma:0.00010419197925548946-kernel:rbf,False,1,loky,mean(0.4*Acc_tr + 0.6*Acc_val),accuracy_cv,0.5333433854521249,"{""C"": 0.12881993012286733, ""gamma"": 0.00010419197925548946, ""kernel"": ""rbf""}",
svm,de,1,47,0.6527906393948301,0.0,0.0,0.0,0.0,0.6528285176574781,0.0,0.0,0.2949612440002056,0.0,cuml,True,False,de|svm|1|cuda|InfoGain_7|C:0.06027854354822493-gamma:0.0022180399673609684-kernel:linear,False,1,loky,mean(0.4*Acc_tr + 0.6*Acc_val),accuracy_cv,0.6527338220008582,"{""C"": 0.06027854354822493, ""gamma"": 0.0022180399673609684, ""kernel"": ""linear""}",
svm,de,1,48,0.6524290069299382,0.0,0.0,0.0,0.0,0.652385696889184,0.0,0.0,0.3082450870001594,0.0,cuml,True,False,de|svm|1|cuda|InfoGain_7|C:0.06403833385177311-gamma:10.0-kernel:linear,False,1,loky,mean(0.4*Acc_tr + 0.6*Acc_val),accuracy_cv,0.6524939719910692,"{""C"": 0.06403833385177311, ""gamma"": 10.0, ""kernel"": ""linear""}",
svm,de,1,49,0.6528201967220247,0.0,0.0,0.0,0.0,0.6532713384257721,0.0,0.0,0.32997213299995565,0.0,cuml,True,False,de|svm|1|cuda|InfoGain_7|C:0.14592054702463944-gamma:0.021802442426193194-kernel:linear,False,1,loky,mean(0.4*Acc_tr + 0.6*Acc_val),accuracy_cv,0.6521434841664039,"{""C"": 0.14592054702463944, ""gamma"": 0.021802442426193194, ""kernel"": ""linear""}",
svm,de,1,50,0.6517943073713081,0.0,0.0,0.0,0.0,0.6513893501605225,0.0,0.0,0.46467628999971566,0.0,cuml,True,True,de|svm|1|cuda|InfoGain_7|C:0.5063020493064251-gamma:1e-05-kernel:linear,False,1,loky,mean(0.4*Acc_tr + 0.6*Acc_val),accuracy_cv,0.6524017431874864,"{""C"": 0.5063020493064251, ""gamma"": 1e-05, ""kernel"": ""linear""}",50.0
svm,de,1,51,0.6521411440275914,0.0,0.0,0.0,0.0,0.6518321709288165,0.0,0.0,0.31504690000019764,0.0,cuml,True,False,de|svm|1|cuda|InfoGain_7|C:0.09338295058235827-gamma:0.0008830692199112268-kernel:linear,False,1,loky,mean(0.4*Acc_tr + 0.6*Acc_val),accuracy_cv,0.6526046036757537,"{""C"": 0.09338295058235827, ""gamma"": 0.0008830692199112268, ""kernel"": ""linear""}",
svm,de,1,52,0.6526208489651557,0.0,0.0,0.0,0.0,0.6524964020812575,0.0,0.0,0.33698398300020926,0.0,cuml,True,False,de|svm|1|cuda|InfoGain_7|C:0.18942205811710427-gamma:2.1380885760489976-kernel:linear,False,1,loky,mean(0.4*Acc_tr + 0.6*Acc_val),accuracy_cv,0.6528075192910029,"{""C"": 0.18942205811710427, ""gamma"": 2.1380885760489976, ""kernel"": ""linear""}",
svm,de,1,53,0.6516172121438414,0.0,0.0,0.0,0.0,0.651278644968449,0.0,0.0,0.48433620800005883,0.0,cuml,True,False,de|svm|1|cuda|InfoGain_7|C:0.6637359856648755-gamma:0.0078046349631293605-kernel:linear,False,1,loky,mean(0.4*Acc_tr + 0.6*Acc_val),accuracy_cv,0.6521250629069298,"{""C"": 0.6637359856648755, ""gamma"": 0.0078046349631293605, ""kernel"": ""linear""}",
svm,de,1,54,0.6521411440275914,0.0,0.0,0.0,0.0,0.6518321709288165,0.0,0.0,0.30411642899980507,0.0,cuml,True,False,de|svm|1|cuda|InfoGain_7|C:0.09338295058235827-gamma:0.0008830692199112268-kernel:linear,False,1,loky,mean(0.4*Acc_tr + 0.6*Acc_val),accuracy_cv,0.6526046036757537,"{""C"": 0.09338295058235827, ""gamma"": 0.0008830692199112268, ""kernel"": ""linear""}",
svm,de,1,55,0.6527537625671451,0.0,0.0,0.0,0.0,0.6526071072733312,0.0,0.0,0.294448943000134,0.0,cuml,True,False,de|svm|1|cuda|InfoGain_7|C:0.04183894369620147-gamma:2.7433870554358005e-05-kernel:linear,False,1,loky,mean(0.4*Acc_tr + 0.6*Acc_val),accuracy_cv,0.6529737455078659,"{""C"": 0.04183894369620147, ""gamma"": 2.7433870554358005e-05, ""kernel"": ""linear""}",
svm,de,1,56,0.6522370950597511,0.0,0.0,0.0,0.0,0.65194287612089,0.0,0.0,0.36590582999997423,0.0,cuml,True,False,de|svm|1|cuda|InfoGain_7|C:0.22411827722698946-gamma:0.002271815977529354-kernel:linear,False,1,loky,mean(0.4*Acc_tr + 0.6*Acc_val),accuracy_cv,0.6526784234680428,"{""C"": 0.22411827722698946, ""gamma"": 0.002271815977529354, ""kernel"": ""linear""}",
svm,de,1,57,0.6519714209767409,0.0,0.0,0.0,0.0,0.6516107605446696,0.0,0.0,0.4367390180000257,0.0,cuml,True,False,de|svm|1|cuda|InfoGain_7|C:0.5378819353420909-gamma:0.023545904223413284-kernel:linear,False,1,loky,mean(0.4*Acc_tr + 0.6*Acc_val),accuracy_cv,0.6525124116248481,"{""C"": 0.5378819353420909, ""gamma"": 0.023545904223413284, ""kernel"": ""linear""}",
svm,de,1,58,0.65159504905382,0.0,0.0,0.0,0.0,0.6511679397763755,0.0,0.0,0.517150786000002,0.0,cuml,True,False,de|svm|1|cuda|InfoGain_7|C:0.7749416404665442-gamma:1.903696255025445-kernel:linear,False,1,loky,mean(0.4*Acc_tr + 0.6*Acc_val),accuracy_cv,0.6522357129699868,"{""C"": 0.7749416404665442, ""gamma"": 1.903696255025445, ""kernel"": ""linear""}",
svm,de,1,59,0.6526651347180666,0.0,0.0,0.0,0.0,0.6526071072733312,0.0,0.0,0.36422163399993224,0.0,cuml,True,False,de|svm|1|cuda|InfoGain_7|C:0.20029802595882887-gamma:0.002103598850272116-kernel:linear,False,1,loky,mean(0.4*Acc_tr + 0.6*Acc_val),accuracy_cv,0.6527521758851696,"{""C"": 0.20029802595882887, ""gamma"": 0.002103598850272116, ""kernel"": ""linear""}",
svm,de,1,60,0.6521411636279345,0.0,0.0,0.0,0.0,0.6518321709288165,0.0,0.0,0.3503707250001753,0.0,cuml,True,False,de|svm|1|cuda|InfoGain_7|C:0.23672295891624137-gamma:1e-05-kernel:linear,False,1,loky,mean(0.4*Acc_tr + 0.6*Acc_val),accuracy_cv,0.6526046526766115,"{""C"": 0.23672295891624137, ""gamma"": 1e-05, ""kernel"": ""linear""}",
svm,de,1,61,0.652251887201229,0.0,0.0,0.0,0.0,0.6522749916971106,0.0,0.0,0.3132732690000921,0.0,cuml,True,False,de|svm|1|cuda|InfoGain_7|C:0.12774273006615267-gamma:0.044121266394261525-kernel:linear,False,1,loky,mean(0.4*Acc_tr + 0.6*Acc_val),accuracy_cv,0.6522172304574064,"{""C"": 0.12774273006615267, ""gamma"": 0.044121266394261525, ""kernel"": ""linear""}",
svm,de,1,62,0.6526208489651557,0.0,0.0,0.0,0.0,0.6524964020812575,0.0,0.0,0.3360227869998198,0.0,cuml,True,False,de|svm|1|cuda|InfoGain_7|C:0.18942205811710427-gamma:0.001183686709454393-kernel:linear,False,1,loky,mean(0.4*Acc_tr + 0.6*Acc_val),accuracy_cv,0.6528075192910029,"{""C"": 0.18942205811710427, ""gamma"": 0.001183686709454393, ""kernel"": ""linear""}",
svm,de,1,63,0.6523181963717809,0.0,0.0,0.0,0.0,0.6516107605446696,0.0,0.0,0.2974186780002128,0.0,cuml,True,False,de|svm|1|cuda|InfoGain_7|C:0.07561926170860961-gamma:0.030701097174131144-kernel:linear,False,1,loky,mean(0.4*Acc_tr + 0.6*Acc_val),accuracy_cv,0.6533793501124477,"{""C"": 0.07561926170860961, ""gamma"": 0.030701097174131144, ""kernel"": ""linear""}",
svm,de,1,64,0.6528126848730283,0.0,0.0,0.0,0.0,0.6524964020812577,0.0,0.0,0.29670648000001165,0.0,cuml,True,False,de|svm|1|cuda|InfoGain_7|C:0.07131969459136799-gamma:0.9730569337671575-kernel:linear,False,1,loky,mean(0.4*Acc_tr + 0.6*Acc_val),accuracy_cv,0.6532871090606843,"{""C"": 0.07131969459136799, ""gamma"": 0.9730569337671575, ""kernel"": ""linear""}",
svm,de,1,65,0.6529677407553375,0.0,0.0,0.0,0.0,0.6532713384257721,0.0,0.0,0.3466305920001105,0.0,cuml,True,False,de|svm|1|cuda|InfoGain_7|C:0.17116665284714302-gamma:0.009503013991465435-kernel:linear,False,1,loky,mean(0.4*Acc_tr + 0.6*Acc_val),accuracy_cv,0.6525123442496855,"{""C"": 0.17116665284714302, ""gamma"": 0.009503013991465435, ""kernel"": ""linear""}",
svm,de,1,66,0.6530120081302822,0.0,0.0,0.0,0.0,0.6532713384257721,0.0,0.0,0.34449384899971847,0.0,cuml,True,False,de|svm|1|cuda|InfoGain_7|C:0.17155486393333336-gamma:1e-05-kernel:linear,False,1,loky,mean(0.4*Acc_tr + 0.6*Acc_val),accuracy_cv,0.6526230126870473,"{""C"": 0.17155486393333336, ""gamma"": 1e-05, ""kernel"": ""linear""}",
svm,de,1,67,0.6523035059203055,0.0,0.0,0.0,0.0,0.6518321709288165,0.0,0.0,0.2816500599997198,0.0,cuml,True,False,de|svm|1|cuda|InfoGain_7|C:0.05602083013356869-gamma:8.364079308274346e-05-kernel:linear,False,1,loky,mean(0.4*Acc_tr + 0.6*Acc_val),accuracy_cv,0.6530105084075388,"{""C"": 0.05602083013356869, ""gamma"": 8.364079308274346e-05, ""kernel"": ""linear""}",
svm,de,1,68,0.6527316178664814,0.0,0.0,0.0,0.0,0.6530499280416252,0.0,0.0,0.3294078719995923,0.0,cuml,True,False,de|svm|1|cuda|InfoGain_7|C:0.1446679854248729-gamma:6.055735197949727-kernel:linear,False,1,loky,mean(0.4*Acc_tr + 0.6*Acc_val),accuracy_cv,0.6522541526037656,"{""C"": 0.1446679854248729, ""gamma"": 6.055735197949727, ""kernel"": ""linear""}",
svm,de,1,69,0.6527167350632455,0.0,0.0,0.0,0.0,0.6522749916971106,0.0,0.0,0.3048903019998761,0.0,cuml,True,False,de|svm|1|cuda|InfoGain_7|C:0.07204612280737477-gamma:2.9627657118561536e-05-kernel:linear,False,1,loky,mean(0.4*Acc_tr + 0.6*Acc_val),accuracy_cv,0.6533793501124477,"{""C"": 0.07204612280737477, ""gamma"": 2.9627657118561536e-05, ""kernel"": ""linear""}",
svm,de,1,70,0.6523182760109905,0.0,0.0,0.0,0.0,0.6521642865050371,0.0,0.0,0.3044032940001671,0.0,cuml,True,False,de|svm|1|cuda|InfoGain_7|C:0.10648760133774421-gamma:0.0013445726466980582-kernel:linear,False,1,loky,mean(0.4*Acc_tr + 0.6*Acc_val),accuracy_cv,0.6525492602699204,"{""C"": 0.10648760133774421, ""gamma"": 0.0013445726466980582, ""kernel"": ""linear""}",
svm,de,1,71,0.6529456107427262,0.0,0.0,0.0,0.0,0.6532713384257721,0.0,0.0,0.3333795690000443,0.0,cuml,True,False,de|svm|1|cuda|InfoGain_7|C:0.16473977881940557-gamma:1.2449020975377985e-05-kernel:linear,False,1,loky,mean(0.4*Acc_tr + 0.6*Acc_val),accuracy_cv,0.652457019218157,"{""C"": 0.16473977881940557, ""gamma"": 1.2449020975377985e-05, ""kernel"": ""linear""}",
svm,de,1,72,0.6529677664830256,0.0,0.0,0.0,0.0,0.6533820436178457,0.0,0.0,0.3299044010000216,0.0,cuml,True,False,de|svm|1|cuda|InfoGain_7|C:0.1509944096413502-gamma:1.9431889121118667e-05-kernel:linear,False,1,loky,mean(0.4*Acc_tr + 0.6*Acc_val),accuracy_cv,0.6523463507807954,"{""C"": 0.1509944096413502, ""gamma"": 1.9431889121118667e-05, ""kernel"": ""linear""}",
svm,de,1,73,0.652259215272191,0.0,0.0,0.0,0.0,0.6519428761208901,0.0,0.0,0.34930931700000656,0.0,cuml,True,False,de|svm|1|cuda|InfoGain_7|C:0.21283817655060686-gamma:1e-05-kernel:linear,False,1,loky,mean(0.4*Acc_tr + 0.6*Acc_val),accuracy_cv,0.6527337239991425,"{""C"": 0.21283817655060686, ""gamma"": 1e-05, ""kernel"": ""linear""}",
svm,de,1,74,0.5283601737393179,0.0,0.0,0.0,0.0,0.5269567142698992,0.0,0.0,0.41893368699993516,0.0,cuml,True,False,de|svm|1|cuda|InfoGain_7|C:0.20541776584628568-gamma:1e-05-kernel:rbf,False,1,loky,mean(0.4*Acc_tr + 0.6*Acc_val),accuracy_cv,0.5304653629434459,"{""C"": 0.20541776584628568, ""gamma"": 1e-05, ""kernel"": ""rbf""}",
svm,de,1,75,0.6529750945539877,0.0,0.0,0.0,0.0,0.6530499280416252,0.0,0.0,0.3417795790001037,0.0,cuml,True,False,de|svm|1|cuda|InfoGain_7|C:0.18047154327052609-gamma:1e-05-kernel:linear,False,1,loky,mean(0.4*Acc_tr + 0.6*Acc_val),accuracy_cv,0.6528628443225313,"{""C"": 0.18047154327052609, ""gamma"": 1e-05, ""kernel"": ""linear""}",
svm,de,1,76,0.6528939099299218,0.0,0.0,0.0,0.0,0.6529392228495516,0.0,0.0,0.3346189740000227,0.0,cuml,True,False,de|svm|1|cuda|InfoGain_7|C:0.17865188086386868-gamma:1e-05-kernel:linear,False,1,loky,mean(0.4*Acc_tr + 0.6*Acc_val),accuracy_cv,0.6528259405504769,"{""C"": 0.17865188086386868, ""gamma"": 1e-05, ""kernel"": ""linear""}",
svm,de,1,77,0.6525544515775997,0.0,0.0,0.0,0.0,0.6524964020812575,0.0,0.0,0.3477006809998784,0.0,cuml,True,False,de|svm|1|cuda|InfoGain_7|C:0.19491497340259642-gamma:1e-05-kernel:linear,False,1,loky,mean(0.4*Acc_tr + 0.6*Acc_val),accuracy_cv,0.6526415258221127,"{""C"": 0.19491497340259642, ""gamma"": 1e-05, ""kernel"": ""linear""}",
svm,de,1,78,0.6529899038453588,0.0,0.0,0.0,0.0,0.6533820436178457,0.0,0.0,0.3449023920002219,0.0,cuml,True,False,de|svm|1|cuda|InfoGain_7|C:0.1584823941917076-gamma:1e-05-kernel:linear,False,1,loky,mean(0.4*Acc_tr + 0.6*Acc_val),accuracy_cv,0.6524016941866286,"{""C"": 0.1584823941917076, ""gamma"": 1e-05, ""kernel"": ""linear""}",
svm,de,1,79,0.6527167803969725,0.0,0.0,0.0,0.0,0.6526071072733312,0.0,0.0,0.3332706030000736,0.0,cuml,True,False,de|svm|1|cuda|InfoGain_7|C:0.20438309544460417-gamma:1e-05-kernel:linear,False,1,loky,mean(0.4*Acc_tr + 0.6*Acc_val),accuracy_cv,0.6528812900824343,"{""C"": 0.20438309544460417, ""gamma"": 1e-05, ""kernel"": ""linear""}",
svm,de,1,80,0.6523330693748451,0.0,0.0,0.0,0.0,0.6523856968891841,0.0,0.0,0.33190655799990054,0.0,cuml,True,False,de|svm|1|cuda|InfoGain_7|C:0.13035632454317464-gamma:4.2517182688087897e-05-kernel:linear,False,1,loky,mean(0.4*Acc_tr + 0.6*Acc_val),accuracy_cv,0.6522541281033366,"{""C"": 0.13035632454317464, ""gamma"": 4.2517182688087897e-05, ""kernel"": ""linear""}",
svm,de,1,81,0.5283601737393179,0.0,0.0,0.0,0.0,0.5269567142698992,0.0,0.0,0.42110940600014146,0.0,cuml,True,False,de|svm|1|cuda|InfoGain_7|C:0.20334657512338195-gamma:1.2449020975377985e-05-kernel:rbf,False,1,loky,mean(0.4*Acc_tr + 0.6*Acc_val),accuracy_cv,0.5304653629434459,"{""C"": 0.20334657512338195, ""gamma"": 1.2449020975377985e-05, ""kernel"": ""rbf""}",
svm,de,1,82,0.6523624821246917,0.0,0.0,0.0,0.0,0.651721465736743,0.0,0.0,0.3017875579998872,0.0,cuml,True,False,de|svm|1|cuda|InfoGain_7|C:0.07430376281429431-gamma:0.0007529662216572659-kernel:linear,False,1,loky,mean(0.4*Acc_tr + 0.6*Acc_val),accuracy_cv,0.6533240067066146,"{""C"": 0.07430376281429431, ""gamma"": 0.0007529662216572659, ""kernel"": ""linear""}",
svm,de,1,83,0.6525618041538729,0.0,0.0,0.0,0.0,0.652385696889184,0.0,0.0,0.3620286289997239,0.0,cuml,True,False,de|svm|1|cuda|InfoGain_7|C:0.19000138622694288-gamma:1e-05-kernel:linear,False,1,loky,mean(0.4*Acc_tr + 0.6*Acc_val),accuracy_cv,0.6528259650509058,"{""C"": 0.19000138622694288, ""gamma"": 1e-05, ""kernel"": ""linear""}",
svm,de,1,84,0.6527537736067807,0.0,0.0,0.0,0.0,0.6531606332336987,0.0,0.0,0.3351725129996339,0.0,cuml,True,False,de|svm|1|cuda|InfoGain_7|C:0.14327422566365472-gamma:0.006162020190740388-kernel:linear,False,1,loky,mean(0.4*Acc_tr + 0.6*Acc_val),accuracy_cv,0.6521434841664039,"{""C"": 0.14327422566365472, ""gamma"": 0.006162020190740388, ""kernel"": ""linear""}",
svm,de,1,85,0.5284413559129341,0.0,0.0,0.0,0.0,0.5270674194619728,0.0,0.0,0.4281910380000227,0.0,cuml,True,False,de|svm|1|cuda|InfoGain_7|C:0.4772698929425907-gamma:1e-05-kernel:rbf,False,1,loky,mean(0.4*Acc_tr + 0.6*Acc_val),accuracy_cv,0.5305022605893761,"{""C"": 0.4772698929425907, ""gamma"": 1e-05, ""kernel"": ""rbf""}",
svm,de,1,86,0.6520451697124975,0.0,0.0,0.0,0.0,0.6513893501605225,0.0,0.0,0.3002609090003716,0.0,cuml,True,False,de|svm|1|cuda|InfoGain_7|C:0.0822933119639214-gamma:0.00044255115145719185-kernel:linear,False,1,loky,mean(0.4*Acc_tr + 0.6*Acc_val),accuracy_cv,0.6530288990404598,"{""C"": 0.0822933119639214, ""gamma"": 0.00044255115145719185, ""kernel"": ""linear""}",
svm,de,1,87,0.5284413559129341,0.0,0.0,0.0,0.0,0.5270674194619728,0.0,0.0,0.42713196999966385,0.0,cuml,True,False,de|svm|1|cuda|InfoGain_7|C:0.513395717890237-gamma:1e-05-kernel:rbf,False,1,loky,mean(0.4*Acc_tr + 0.6*Acc_val),accuracy_cv,0.5305022605893761,"{""C"": 0.513395717890237, ""gamma"": 1e-05, ""kernel"": ""rbf""}",
svm,de,1,88,0.6520451697124975,0.0,0.0,0.0,0.0,0.6513893501605225,0.0,0.0,0.3107620640003006,0.0,cuml,True,False,de|svm|1|cuda|InfoGain_7|C:0.0822933119639214-gamma:0.00044255115145719185-kernel:linear,False,1,loky,mean(0.4*Acc_tr + 0.6*Acc_val),accuracy_cv,0.6530288990404598,"{""C"": 0.0822933119639214, ""gamma"": 0.00044255115145719185, ""kernel"": ""linear""}",
svm,de,1,89,0.5283601737393179,0.0,0.0,0.0,0.0,0.5269567142698992,0.0,0.0,0.4270345909999378,0.0,cuml,True,False,de|svm|1|cuda|InfoGain_7|C:0.07148144979101427-gamma:1e-05-kernel:rbf,False,1,loky,mean(0.4*Acc_tr + 0.6*Acc_val),accuracy_cv,0.5304653629434459,"{""C"": 0.07148144979101427, ""gamma"": 1e-05, ""kernel"": ""rbf""}",
svm,de,1,90,0.6529455850150381,0.0,0.0,0.0,0.0,0.6531606332336987,0.0,0.0,0.3326420270000199,0.0,cuml,True,False,de|svm|1|cuda|InfoGain_7|C:0.17186606664802967-gamma:1e-05-kernel:linear,False,1,loky,mean(0.4*Acc_tr + 0.6*Acc_val),accuracy_cv,0.6526230126870473,"{""C"": 0.17186606664802967, ""gamma"": 1e-05, ""kernel"": ""linear""}",
svm,de,1,91,0.652672543648988,0.0,0.0,0.0,0.0,0.6527178124654046,0.0,0.0,0.34158269399995334,0.0,cuml,True,False,de|svm|1|cuda|InfoGain_7|C:0.13783217673268047-gamma:3.181040663374521e-05-kernel:linear,False,1,loky,mean(0.4*Acc_tr + 0.6*Acc_val),accuracy_cv,0.6526046404243631,"{""C"": 0.13783217673268047, ""gamma"": 3.181040663374521e-05, ""kernel"": ""linear""}",
svm,de,1,92,0.6520378624699512,0.0,0.0,0.0,0.0,0.6518321709288165,0.0,0.0,0.41749821399980647,0.0,cuml,True,False,de|svm|1|cuda|InfoGain_7|C:0.38345253946757313-gamma:1e-05-kernel:linear,False,1,loky,mean(0.4*Acc_tr + 0.6*Acc_val),accuracy_cv,0.6523463997816532,"{""C"": 0.38345253946757313, ""gamma"": 1e-05, ""kernel"": ""linear""}",
svm,de,1,93,0.6525322958373002,0.0,0.0,0.0,0.0,0.652385696889184,0.0,0.0,0.34505705600031433,0.0,cuml,True,False,de|svm|1|cuda|InfoGain_7|C:0.1978615134419999-gamma:1e-05-kernel:linear,False,1,loky,mean(0.4*Acc_tr + 0.6*Acc_val),accuracy_cv,0.6527521942594744,"{""C"": 0.1978615134419999, ""gamma"": 1e-05, ""kernel"": ""linear""}",
svm,de,1,94,0.6529603354956156,0.0,0.0,0.0,0.0,0.6530499280416252,0.0,0.0,0.35058836100006374,0.0,cuml,True,False,de|svm|1|cuda|InfoGain_7|C:0.18006315465225453-gamma:1e-05-kernel:linear,False,1,loky,mean(0.4*Acc_tr + 0.6*Acc_val),accuracy_cv,0.6528259466766011,"{""C"": 0.18006315465225453, ""gamma"": 1e-05, ""kernel"": ""linear""}",
svm,de,1,95,0.5283601737393179,0.0,0.0,0.0,0.0,0.5269567142698992,0.0,0.0,0.4229241190000721,0.0,cuml,True,False,de|svm|1|cuda|InfoGain_7|C:0.19027706819849657-gamma:1e-05-kernel:rbf,False,1,loky,mean(0.4*Acc_tr + 0.6*Acc_val),accuracy_cv,0.5304653629434459,"{""C"": 0.19027706819849657, ""gamma"": 1e-05, ""kernel"": ""rbf""}",
svm,de,1,96,0.6530120081302822,0.0,0.0,0.0,0.0,0.6532713384257721,0.0,0.0,0.33279430399988996,0.0,cuml,True,False,de|svm|1|cuda|InfoGain_7|C:0.17155486393333336-gamma:0.0019371082745618163-kernel:linear,False,1,loky,mean(0.4*Acc_tr + 0.6*Acc_val),accuracy_cv,0.6526230126870473,"{""C"": 0.17155486393333336, ""gamma"": 0.0019371082745618163, ""kernel"": ""linear""}",
svm,de,1,97,0.6528201611941652,0.0,0.0,0.0,0.0,0.6531606332336987,0.0,0.0,0.33704008200038515,0.0,cuml,True,False,de|svm|1|cuda|InfoGain_7|C:0.1546182910253818-gamma:1e-05-kernel:linear,False,1,loky,mean(0.4*Acc_tr + 0.6*Acc_val),accuracy_cv,0.6523094531348651,"{""C"": 0.1546182910253818, ""gamma"": 1e-05, ""kernel"": ""linear""}",
svm,de,1,98,0.6519271621795909,0.0,0.0,0.0,0.0,0.651721465736743,0.0,0.0,0.38322549499980596,0.0,cuml,True,False,de|svm|1|cuda|InfoGain_7|C:0.3479893835394715-gamma:6.223413027339674e-05-kernel:linear,False,1,loky,mean(0.4*Acc_tr + 0.6*Acc_val),accuracy_cv,0.6522357068438627,"{""C"": 0.3479893835394715, ""gamma"": 6.223413027339674e-05, ""kernel"": ""linear""}",
svm,de,1,99,0.6528791876274821,0.0,0.0,0.0,0.0,0.6531606332336987,0.0,0.0,0.33771574399997917,0.0,cuml,True,False,de|svm|1|cuda|InfoGain_7|C:0.16101466244860188-gamma:1e-05-kernel:linear,False,1,loky,mean(0.4*Acc_tr + 0.6*Acc_val),accuracy_cv,0.652457019218157,"{""C"": 0.16101466244860188, ""gamma"": 1e-05, ""kernel"": ""linear""}",
svm,de,1,100,0.6529604139067523,0.0,0.0,0.0,0.0,0.6534927488099191,0.0,0.0,0.34202972499997486,0.0,cuml,True,False,de|svm|1|cuda|InfoGain_7|C:0.1507209998222927-gamma:0.004686019793008561-kernel:linear,False,1,loky,mean(0.4*Acc_tr + 0.6*Acc_val),accuracy_cv,0.6521619115520022,"{""C"": 0.1507209998222927, ""gamma"": 0.004686019793008561, ""kernel"": ""linear""}",
