model_type,optimizer,seed,candidate_id,fitness,mcc,f1,auc_roc,auc_pr,accuracy,precision,recall,train_time_seconds,eval_time_seconds,model_backend,official_experiment,cache_hit,cache_key,parallel_enabled,n_jobs,parallel_backend,fitness_formula,fitness_mode,acc_train,decoded_hyperparameters
svm,gwo,1,1,0.6208351947846765,0.0,0.0,0.0,0.0,0.6211668327244547,0.0,0.0,0.5462401459999455,0.0,cuml,True,False,gwo|svm|1|cuda|InfoGain_7|C:1.1774154985086274-gamma:5.044082462406216-kernel:linear,False,1,loky,mean(0.4*Acc_tr + 0.6*Acc_val),accuracy_cv,0.6203377378750093,"{""C"": 1.1774154985086274, ""gamma"": 5.044082462406216, ""kernel"": ""linear""}"
svm,gwo,1,2,0.4542305096177126,0.0,0.0,0.0,0.0,0.4585409055684712,0.0,0.0,0.5726289819999693,0.0,cuml,True,False,gwo|svm|1|cuda|InfoGain_7|C:491.9224950758322-gamma:0.0007429998260135517-kernel:linear,False,1,loky,mean(0.4*Acc_tr + 0.6*Acc_val),accuracy_cv,0.4477649156915748,"{""C"": 491.9224950758322, ""gamma"": 0.0007429998260135517, ""kernel"": ""linear""}"
svm,gwo,1,3,0.6494989649991324,0.0,0.0,0.0,0.0,0.6472932580538027,0.0,0.0,0.5762504029999036,0.0,cuml,True,False,gwo|svm|1|cuda|InfoGain_7|C:92.51572636262478-gamma:0.002852297479905831-kernel:rbf,False,1,loky,mean(0.4*Acc_tr + 0.6*Acc_val),accuracy_cv,0.6528075254171269,"{""C"": 92.51572636262478, ""gamma"": 0.002852297479905831, ""kernel"": ""rbf""}"
svm,gwo,1,4,0.5617249258353935,0.0,0.0,0.0,0.0,0.5561828849773054,0.0,0.0,0.4171390000001338,0.0,cuml,True,False,gwo|svm|1|cuda|InfoGain_7|C:0.0014633717925197204-gamma:0.33195457008935314-kernel:rbf,False,1,loky,mean(0.4*Acc_tr + 0.6*Acc_val),accuracy_cv,0.5700379871225254,"{""C"": 0.0014633717925197204, ""gamma"": 0.33195457008935314, ""kernel"": ""rbf""}"
svm,gwo,1,5,0.6525175453567228,0.0,0.0,0.0,0.0,0.6524964020812577,0.0,0.0,0.3061432359995706,0.0,cuml,True,False,gwo|svm|1|cuda|InfoGain_7|C:0.09514594829923427-gamma:0.5377398486025727-kernel:linear,False,1,loky,mean(0.4*Acc_tr + 0.6*Acc_val),accuracy_cv,0.6525492602699204,"{""C"": 0.09514594829923427, ""gamma"": 0.5377398486025727, ""kernel"": ""linear""}"
svm,gwo,1,6,0.6519271352238302,0.0,0.0,0.0,0.0,0.6515000553525959,0.0,0.0,0.4528526429999147,0.0,cuml,True,False,gwo|svm|1|cuda|InfoGain_7|C:0.5260019290542263-gamma:6.371624645952766e-05-kernel:linear,False,1,loky,mean(0.4*Acc_tr + 0.6*Acc_val),accuracy_cv,0.6525677550306813,"{""C"": 0.5260019290542263, ""gamma"": 6.371624645952766e-05, ""kernel"": ""linear""}"
svm,gwo,1,7,0.5284413559129341,0.0,0.0,0.0,0.0,0.5270674194619728,0.0,0.0,0.4385396530001344,0.0,cuml,True,False,gwo|svm|1|cuda|InfoGain_7|C:0.016623843590135228-gamma:0.00037486944450392407-kernel:rbf,False,1,loky,mean(0.4*Acc_tr + 0.6*Acc_val),accuracy_cv,0.5305022605893761,"{""C"": 0.016623843590135228, ""gamma"": 0.00037486944450392407, ""kernel"": ""rbf""}"
svm,gwo,1,8,0.6429535246454684,0.0,0.0,0.0,0.0,0.6426436399867154,0.0,0.0,0.4051363550001952,0.0,cuml,True,False,gwo|svm|1|cuda|InfoGain_7|C:0.048134065866204945-gamma:0.008149779273673193-kernel:rbf,False,1,loky,mean(0.4*Acc_tr + 0.6*Acc_val),accuracy_cv,0.643418351633598,"{""C"": 0.048134065866204945, ""gamma"": 0.008149779273673193, ""kernel"": ""rbf""}"
svm,gwo,1,9,0.5482148279086094,0.0,0.0,0.0,0.0,0.5382486438613971,0.0,0.0,0.7272550100001354,0.0,cuml,True,False,gwo|svm|1|cuda|InfoGain_7|C:588.7665958550649-gamma:0.223223361907672-kernel:rbf,False,1,loky,mean(0.4*Acc_tr + 0.6*Acc_val),accuracy_cv,0.5631641039794278,"{""C"": 588.7665958550649, ""gamma"": 0.223223361907672, ""kernel"": ""rbf""}"
svm,gwo,1,10,0.5284118377961899,0.0,0.0,0.0,0.0,0.5270674194619728,0.0,0.0,0.413729303999844,0.0,cuml,True,False,gwo|svm|1|cuda|InfoGain_7|C:0.045850832377340674-gamma:9.202631938291632e-05-kernel:rbf,False,1,loky,mean(0.4*Acc_tr + 0.6*Acc_val),accuracy_cv,0.5304284652975157,"{""C"": 0.045850832377340674, ""gamma"": 9.202631938291632e-05, ""kernel"": ""rbf""}"
svm,gwo,1,11,0.6520231034115792,0.0,0.0,0.0,0.0,0.6518321709288165,0.0,0.0,0.40822407599989674,0.0,cuml,True,False,gwo|svm|1|cuda|InfoGain_7|C:0.39757280589443406-gamma:0.0024317335143038085-kernel:linear,False,1,loky,mean(0.4*Acc_tr + 0.6*Acc_val),accuracy_cv,0.652309502135723,"{""C"": 0.39757280589443406, ""gamma"": 0.0024317335143038085, ""kernel"": ""linear""}"
svm,gwo,1,12,0.5063777451713399,0.0,0.0,0.0,0.0,0.5041514447027565,0.0,0.0,0.5925004870000521,0.0,cuml,True,False,gwo|svm|1|cuda|InfoGain_7|C:49.77648287107782-gamma:0.0004234512938747205-kernel:linear,False,1,loky,mean(0.4*Acc_tr + 0.6*Acc_val),accuracy_cv,0.5097171958742152,"{""C"": 49.77648287107782, ""gamma"": 0.0004234512938747205, ""kernel"": ""linear""}"
svm,gwo,1,13,0.6034188808863321,0.0,0.0,0.0,0.0,0.6069965681390458,0.0,0.0,0.6271627589999298,0.0,cuml,True,False,gwo|svm|1|cuda|InfoGain_7|C:3.0102072510461735-gamma:4.692857924741582e-05-kernel:linear,False,1,loky,mean(0.4*Acc_tr + 0.6*Acc_val),accuracy_cv,0.5980523500072618,"{""C"": 3.0102072510461735, ""gamma"": 4.692857924741582e-05, ""kernel"": ""linear""}"
svm,gwo,1,14,0.6520969770974891,0.0,0.0,0.0,0.0,0.6516107605446696,0.0,0.0,0.2917813119997845,0.0,cuml,True,False,gwo|svm|1|cuda|InfoGain_7|C:0.03275569679088498-gamma:0.014203009841150081-kernel:linear,False,1,loky,mean(0.4*Acc_tr + 0.6*Acc_val),accuracy_cv,0.6528263019267185,"{""C"": 0.03275569679088498, ""gamma"": 0.014203009841150081, ""kernel"": ""linear""}"
svm,gwo,1,15,0.6519345343562072,0.0,0.0,0.0,0.0,0.6516107605446696,0.0,0.0,0.4207103859998824,0.0,cuml,True,False,gwo|svm|1|cuda|InfoGain_7|C:0.4380002397764489-gamma:0.07092883633389734-kernel:linear,False,1,loky,mean(0.4*Acc_tr + 0.6*Acc_val),accuracy_cv,0.6524201950735136,"{""C"": 0.4380002397764489, ""gamma"": 0.07092883633389734, ""kernel"": ""linear""}"
svm,gwo,1,16,0.6234186402659282,0.0,0.0,0.0,0.0,0.6304660688586295,0.0,0.0,0.5777631109999675,0.0,cuml,True,False,gwo|svm|1|cuda|InfoGain_7|C:1.4193036069564804-gamma:3.5763699781928113-kernel:linear,False,1,loky,mean(0.4*Acc_tr + 0.6*Acc_val),accuracy_cv,0.6128474973768762,"{""C"": 1.4193036069564804, ""gamma"": 3.5763699781928113, ""kernel"": ""linear""}"
svm,gwo,1,17,0.45774515100455887,0.0,0.0,0.0,0.0,0.4460312188641648,0.0,0.0,0.5815986080001494,0.0,cuml,True,False,gwo|svm|1|cuda|InfoGain_7|C:57.69806550160452-gamma:0.02369807436805227-kernel:linear,False,1,loky,mean(0.4*Acc_tr + 0.6*Acc_val),accuracy_cv,0.47531604921515,"{""C"": 57.69806550160452, ""gamma"": 0.02369807436805227, ""kernel"": ""linear""}"
svm,gwo,1,18,0.5408035156125895,0.0,0.0,0.0,0.0,0.5448909553858076,0.0,0.0,0.5903403509996679,0.0,cuml,True,False,gwo|svm|1|cuda|InfoGain_7|C:31.227603081506714-gamma:0.005475798290404608-kernel:linear,False,1,loky,mean(0.4*Acc_tr + 0.6*Acc_val),accuracy_cv,0.5346723559527624,"{""C"": 31.227603081506714, ""gamma"": 0.005475798290404608, ""kernel"": ""linear""}"
svm,gwo,1,19,0.47668758592271604,0.0,0.0,0.0,0.0,0.47879995571792316,0.0,0.0,0.5823936599999797,0.0,cuml,True,False,gwo|svm|1|cuda|InfoGain_7|C:56.06254744129965-gamma:6.218458398665624-kernel:linear,False,1,loky,mean(0.4*Acc_tr + 0.6*Acc_val),accuracy_cv,0.47351903122990535,"{""C"": 56.06254744129965, ""gamma"": 6.218458398665624, ""kernel"": ""linear""}"
svm,gwo,1,20,0.4992824114504509,0.0,0.0,0.0,0.0,0.5022694564375069,0.0,0.0,0.5871985480002877,0.0,cuml,True,False,gwo|svm|1|cuda|InfoGain_7|C:31.505492039223-gamma:0.14832220664471657-kernel:linear,False,1,loky,mean(0.4*Acc_tr + 0.6*Acc_val),accuracy_cv,0.4948018439698669,"{""C"": 31.505492039223, ""gamma"": 0.14832220664471657, ""kernel"": ""linear""}"
svm,gwo,1,21,0.6579233856970995,0.0,0.0,0.0,0.0,0.6342300453891286,0.0,0.0,0.49078772499979095,0.0,cuml,True,False,gwo|svm|1|cuda|InfoGain_7|C:0.5330258138986133-gamma:4.603586029119009-kernel:rbf,False,1,loky,mean(0.4*Acc_tr + 0.6*Acc_val),accuracy_cv,0.6934633961590558,"{""C"": 0.5330258138986133, ""gamma"": 4.603586029119009, ""kernel"": ""rbf""}"
svm,gwo,1,22,0.6424516749958489,0.0,0.0,0.0,0.0,0.6419794088342744,0.0,0.0,0.4002562539999417,0.0,cuml,True,False,gwo|svm|1|cuda|InfoGain_7|C:30.317591518396867-gamma:1.2439506093007977e-05-kernel:rbf,False,1,loky,mean(0.4*Acc_tr + 0.6*Acc_val),accuracy_cv,0.6431600742382108,"{""C"": 30.317591518396867, ""gamma"": 1.2439506093007977e-05, ""kernel"": ""rbf""}"
svm,gwo,1,23,0.6512262232682912,0.0,0.0,0.0,0.0,0.651057234584302,0.0,0.0,0.2659246129996973,0.0,cuml,True,False,gwo|svm|1|cuda|InfoGain_7|C:0.028113363435785164-gamma:10.0-kernel:linear,False,1,loky,mean(0.4*Acc_tr + 0.6*Acc_val),accuracy_cv,0.6514797062942747,"{""C"": 0.028113363435785164, ""gamma"": 10.0, ""kernel"": ""linear""}"
svm,gwo,1,24,0.6524954300451823,0.0,0.0,0.0,0.0,0.6524964020812577,0.0,0.0,0.29947000000038315,0.0,cuml,True,False,gwo|svm|1|cuda|InfoGain_7|C:0.06378930312979503-gamma:0.3450358166520556-kernel:linear,False,1,loky,mean(0.4*Acc_tr + 0.6*Acc_val),accuracy_cv,0.6524939719910692,"{""C"": 0.06378930312979503, ""gamma"": 0.3450358166520556, ""kernel"": ""linear""}"
svm,gwo,1,25,0.6587266333155254,0.0,0.0,0.0,0.0,0.6271449130964242,0.0,0.0,0.5304699359999177,0.0,cuml,True,False,gwo|svm|1|cuda|InfoGain_7|C:0.783006951652509-gamma:4.939878929767021-kernel:rbf,False,1,loky,mean(0.4*Acc_tr + 0.6*Acc_val),accuracy_cv,0.7060992136441772,"{""C"": 0.783006951652509, ""gamma"": 4.939878929767021, ""kernel"": ""rbf""}"
svm,gwo,1,26,0.6527315394553445,0.0,0.0,0.0,0.0,0.6526071072733312,0.0,0.0,0.35580139900002905,0.0,cuml,True,False,gwo|svm|1|cuda|InfoGain_7|C:0.20509103188273578-gamma:0.014086599669033287-kernel:linear,False,1,loky,mean(0.4*Acc_tr + 0.6*Acc_val),accuracy_cv,0.6529181877283645,"{""C"": 0.20509103188273578, ""gamma"": 0.014086599669033287, ""kernel"": ""linear""}"
svm,gwo,1,27,0.6520599814543183,0.0,0.0,0.0,0.0,0.651721465736743,0.0,0.0,0.4784791540000697,0.0,cuml,True,False,gwo|svm|1|cuda|InfoGain_7|C:0.5305143202377562-gamma:0.11292143033097186-kernel:linear,False,1,loky,mean(0.4*Acc_tr + 0.6*Acc_val),accuracy_cv,0.6525677550306813,"{""C"": 0.5305143202377562, ""gamma"": 0.11292143033097186, ""kernel"": ""linear""}"
svm,gwo,1,28,0.646104745368918,0.0,0.0,0.0,0.0,0.6456326801727,0.0,0.0,0.41743271400036974,0.0,cuml,True,False,gwo|svm|1|cuda|InfoGain_7|C:0.006973827648894826-gamma:0.16036016221255417-kernel:rbf,False,1,loky,mean(0.4*Acc_tr + 0.6*Acc_val),accuracy_cv,0.6468128431632448,"{""C"": 0.006973827648894826, ""gamma"": 0.16036016221255417, ""kernel"": ""rbf""}"
svm,gwo,1,29,0.579000956422674,0.0,0.0,0.0,0.0,0.5723458430200377,0.0,0.0,0.41404242899989185,0.0,cuml,True,False,gwo|svm|1|cuda|InfoGain_7|C:4.16239352837952-gamma:1e-05-kernel:rbf,False,1,loky,mean(0.4*Acc_tr + 0.6*Acc_val),accuracy_cv,0.5889836265266287,"{""C"": 4.16239352837952, ""gamma"": 1e-05, ""kernel"": ""rbf""}"
svm,gwo,1,30,0.6448499338159768,0.0,0.0,0.0,0.0,0.6436399867153769,0.0,0.0,0.43316522799977975,0.0,cuml,True,False,gwo|svm|1|cuda|InfoGain_7|C:4.837509684824701-gamma:0.0015747903866858534-kernel:rbf,False,1,loky,mean(0.4*Acc_tr + 0.6*Acc_val),accuracy_cv,0.6466648544668766,"{""C"": 4.837509684824701, ""gamma"": 0.0015747903866858534, ""kernel"": ""rbf""}"
svm,gwo,1,31,0.6518164447336413,0.0,0.0,0.0,0.0,0.6513893501605226,0.0,0.0,0.43087677899984556,0.0,cuml,True,False,gwo|svm|1|cuda|InfoGain_7|C:0.49329817864163006-gamma:0.008670925601389901-kernel:linear,False,1,loky,mean(0.4*Acc_tr + 0.6*Acc_val),accuracy_cv,0.6524570865933196,"{""C"": 0.49329817864163006, ""gamma"": 0.008670925601389901, ""kernel"": ""linear""}"
svm,gwo,1,32,0.633691770589485,0.0,0.0,0.0,0.0,0.6311303000110705,0.0,0.0,0.4165715529998124,0.0,cuml,True,False,gwo|svm|1|cuda|InfoGain_7|C:0.07052338508768996-gamma:0.0017412340504318151-kernel:rbf,False,1,loky,mean(0.4*Acc_tr + 0.6*Acc_val),accuracy_cv,0.6375339764571071,"{""C"": 0.07052338508768996, ""gamma"": 0.0017412340504318151, ""kernel"": ""rbf""}"
svm,gwo,1,33,0.6563550622997633,0.0,0.0,0.0,0.0,0.6558175578434629,0.0,0.0,0.5078886199999033,0.0,cuml,True,False,gwo|svm|1|cuda|InfoGain_7|C:1.5258458194010822-gamma:0.13703504824652382-kernel:rbf,False,1,loky,mean(0.4*Acc_tr + 0.6*Acc_val),accuracy_cv,0.6571613189842138,"{""C"": 1.5258458194010822, ""gamma"": 0.13703504824652382, ""kernel"": ""rbf""}"
svm,gwo,1,34,0.6442937820534786,0.0,0.0,0.0,0.0,0.6190634340750581,0.0,0.0,0.4286841890002506,0.0,cuml,True,False,gwo|svm|1|cuda|InfoGain_7|C:0.13464505920800576-gamma:10.0-kernel:rbf,False,1,loky,mean(0.4*Acc_tr + 0.6*Acc_val),accuracy_cv,0.6821393040211094,"{""C"": 0.13464505920800576, ""gamma"": 10.0, ""kernel"": ""rbf""}"
svm,gwo,1,35,0.652576581590211,0.0,0.0,0.0,0.0,0.6524964020812575,0.0,0.0,0.33989930000007007,0.0,cuml,True,False,gwo|svm|1|cuda|InfoGain_7|C:0.19104297093304184-gamma:0.1515458803848654-kernel:linear,False,1,loky,mean(0.4*Acc_tr + 0.6*Acc_val),accuracy_cv,0.6526968508536412,"{""C"": 0.19104297093304184, ""gamma"": 0.1515458803848654, ""kernel"": ""linear""}"
svm,gwo,1,36,0.6518902486032964,0.0,0.0,0.0,0.0,0.6515000553525961,0.0,0.0,0.4279628590002176,0.0,cuml,True,False,gwo|svm|1|cuda|InfoGain_7|C:0.447281023612463-gamma:10.0-kernel:linear,False,1,loky,mean(0.4*Acc_tr + 0.6*Acc_val),accuracy_cv,0.6524755384793468,"{""C"": 0.447281023612463, ""gamma"": 10.0, ""kernel"": ""linear""}"
svm,gwo,1,37,0.6710256303203469,0.0,0.0,0.0,0.0,0.617956382154323,0.0,0.0,0.5409125989999666,0.0,cuml,True,False,gwo|svm|1|cuda|InfoGain_7|C:0.7688236429388221-gamma:10.0-kernel:rbf,False,1,loky,mean(0.4*Acc_tr + 0.6*Acc_val),accuracy_cv,0.7506295025693829,"{""C"": 0.7688236429388221, ""gamma"": 10.0, ""kernel"": ""rbf""}"
svm,gwo,1,38,0.652296145998379,0.0,0.0,0.0,0.0,0.6521642865050371,0.0,0.0,0.3104114540001319,0.0,cuml,True,False,gwo|svm|1|cuda|InfoGain_7|C:0.11186721404060325-gamma:1.5770932179503947-kernel:linear,False,1,loky,mean(0.4*Acc_tr + 0.6*Acc_val),accuracy_cv,0.6524939352383919,"{""C"": 0.11186721404060325, ""gamma"": 1.5770932179503947, ""kernel"": ""linear""}"
svm,gwo,1,39,0.5299542341469943,0.0,0.0,0.0,0.0,0.5281744713827078,0.0,0.0,0.4179078360002677,0.0,cuml,True,False,gwo|svm|1|cuda|InfoGain_7|C:1.1580737006793453-gamma:1.109557121744351e-05-kernel:rbf,False,1,loky,mean(0.4*Acc_tr + 0.6*Acc_val),accuracy_cv,0.5326238782934242,"{""C"": 1.1580737006793453, ""gamma"": 1.109557121744351e-05, ""kernel"": ""rbf""}"
svm,gwo,1,40,0.6772739082125886,0.0,0.0,0.0,0.0,0.6047824642975757,0.0,0.0,0.7014491830000225,0.0,cuml,True,False,gwo|svm|1|cuda|InfoGain_7|C:1.9568686562107283-gamma:10.0-kernel:rbf,False,1,loky,mean(0.4*Acc_tr + 0.6*Acc_val),accuracy_cv,0.7860110740851077,"{""C"": 1.9568686562107283, ""gamma"": 10.0, ""kernel"": ""rbf""}"
svm,gwo,1,41,0.6501559612066522,0.0,0.0,0.0,0.0,0.6498394774714934,0.0,0.0,0.550146469000083,0.0,cuml,True,False,gwo|svm|1|cuda|InfoGain_7|C:0.9831020727243049-gamma:0.3042944656749922-kernel:linear,False,1,loky,mean(0.4*Acc_tr + 0.6*Acc_val),accuracy_cv,0.6506306868093904,"{""C"": 0.9831020727243049, ""gamma"": 0.3042944656749922, ""kernel"": ""linear""}"
svm,gwo,1,42,0.6536686453009429,0.0,0.0,0.0,0.0,0.651500055352596,0.0,0.0,0.4409015820001514,0.0,cuml,True,False,gwo|svm|1|cuda|InfoGain_7|C:0.1279737662252972-gamma:0.6516424194921087-kernel:rbf,False,1,loky,mean(0.4*Acc_tr + 0.6*Acc_val),accuracy_cv,0.6569215302234633,"{""C"": 0.1279737662252972, ""gamma"": 0.6516424194921087, ""kernel"": ""rbf""}"
svm,gwo,1,43,0.6573070767194101,0.0,0.0,0.0,0.0,0.6571460201483449,0.0,0.0,0.48742980599990915,0.0,cuml,True,False,gwo|svm|1|cuda|InfoGain_7|C:0.9672375934452447-gamma:0.1722491152387991-kernel:rbf,False,1,loky,mean(0.4*Acc_tr + 0.6*Acc_val),accuracy_cv,0.6575486615760079,"{""C"": 0.9672375934452447, ""gamma"": 0.1722491152387991, ""kernel"": ""rbf""}"
svm,gwo,1,44,0.6466872185433171,0.0,0.0,0.0,0.0,0.6446363334440385,0.0,0.0,0.5262325999997302,0.0,cuml,True,False,gwo|svm|1|cuda|InfoGain_7|C:0.8890869332032271-gamma:8.618252957617871-kernel:linear,False,1,loky,mean(0.4*Acc_tr + 0.6*Acc_val),accuracy_cv,0.6497635461922352,"{""C"": 0.8890869332032271, ""gamma"": 8.618252957617871, ""kernel"": ""linear""}"
svm,gwo,1,45,0.6595204331785934,0.0,0.0,0.0,0.0,0.6558175578434629,0.0,0.0,0.6194617070000277,0.0,cuml,True,False,gwo|svm|1|cuda|InfoGain_7|C:1.6031652463647836-gamma:0.575609702242814-kernel:rbf,False,1,loky,mean(0.4*Acc_tr + 0.6*Acc_val),accuracy_cv,0.6650747461812893,"{""C"": 1.6031652463647836, ""gamma"": 0.575609702242814, ""kernel"": ""rbf""}"
svm,gwo,1,46,0.6631314306254611,0.0,0.0,0.0,0.0,0.6254843352153217,0.0,0.0,0.5013337260002118,0.0,cuml,True,False,gwo|svm|1|cuda|InfoGain_7|C:0.5672726537545103-gamma:7.578168452902285-kernel:rbf,False,1,loky,mean(0.4*Acc_tr + 0.6*Acc_val),accuracy_cv,0.7196020737406704,"{""C"": 0.5672726537545103, ""gamma"": 7.578168452902285, ""kernel"": ""rbf""}"
svm,gwo,1,47,0.6599368503922493,0.0,0.0,0.0,0.0,0.6279198494409387,0.0,0.0,0.5715005980000569,0.0,cuml,True,False,gwo|svm|1|cuda|InfoGain_7|C:1.0816807990323862-gamma:4.3779853478686-kernel:rbf,False,1,loky,mean(0.4*Acc_tr + 0.6*Acc_val),accuracy_cv,0.7079623518192149,"{""C"": 1.0816807990323862, ""gamma"": 4.3779853478686, ""kernel"": ""rbf""}"
svm,gwo,1,48,0.6517279210119963,0.0,0.0,0.0,0.0,0.6515000553525961,0.0,0.0,0.4779397600000266,0.0,cuml,True,False,gwo|svm|1|cuda|InfoGain_7|C:0.6497855108662306-gamma:10.0-kernel:linear,False,1,loky,mean(0.4*Acc_tr + 0.6*Acc_val),accuracy_cv,0.6520697195010966,"{""C"": 0.6497855108662306, ""gamma"": 10.0, ""kernel"": ""linear""}"
svm,gwo,1,49,0.6480823636688033,0.0,0.0,0.0,0.0,0.6469611424775822,0.0,0.0,0.46104238500038264,0.0,cuml,True,False,gwo|svm|1|cuda|InfoGain_7|C:0.9881880824129812-gamma:0.013779578099652237-kernel:rbf,False,1,loky,mean(0.4*Acc_tr + 0.6*Acc_val),accuracy_cv,0.6497641954556351,"{""C"": 0.9881880824129812, ""gamma"": 0.013779578099652237, ""kernel"": ""rbf""}"
svm,gwo,1,50,0.6150719589549032,0.0,0.0,0.0,0.0,0.6239344625262925,0.0,0.0,0.5746536980000201,0.0,cuml,True,False,gwo|svm|1|cuda|InfoGain_7|C:1.142532766717226-gamma:6.6247838016271485-kernel:linear,False,1,loky,mean(0.4*Acc_tr + 0.6*Acc_val),accuracy_cv,0.6017782035978193,"{""C"": 1.142532766717226, ""gamma"": 6.6247838016271485, ""kernel"": ""linear""}"
svm,gwo,1,51,0.6519862008635289,0.0,0.0,0.0,0.0,0.651721465736743,0.0,0.0,0.5640069400001266,0.0,cuml,True,False,gwo|svm|1|cuda|InfoGain_7|C:0.8241025361454821-gamma:1.1211033779452988-kernel:linear,False,1,loky,mean(0.4*Acc_tr + 0.6*Acc_val),accuracy_cv,0.6523833035537075,"{""C"": 0.8241025361454821, ""gamma"": 1.1211033779452988, ""kernel"": ""linear""}"
svm,gwo,1,52,0.6698742950792501,0.0,0.0,0.0,0.0,0.6154101627366324,0.0,0.0,0.6626298169999245,0.0,cuml,True,False,gwo|svm|1|cuda|InfoGain_7|C:1.639185846486256-gamma:6.951984829111064-kernel:rbf,False,1,loky,mean(0.4*Acc_tr + 0.6*Acc_val),accuracy_cv,0.7515704935931771,"{""C"": 1.639185846486256, ""gamma"": 6.951984829111064, ""kernel"": ""rbf""}"
svm,gwo,1,53,0.6446210018266026,0.0,0.0,0.0,0.0,0.6448577438281856,0.0,0.0,0.594158464999964,0.0,cuml,True,False,gwo|svm|1|cuda|InfoGain_7|C:1.2573851970897028-gamma:6.165892318036608-kernel:linear,False,1,loky,mean(0.4*Acc_tr + 0.6*Acc_val),accuracy_cv,0.6442658888242284,"{""C"": 1.2573851970897028, ""gamma"": 6.165892318036608, ""kernel"": ""linear""}"
svm,gwo,1,54,0.6561596647197516,0.0,0.0,0.0,0.0,0.6329015830842467,0.0,0.0,0.536542919999647,0.0,cuml,True,False,gwo|svm|1|cuda|InfoGain_7|C:0.8389244500811154-gamma:3.3245763970719766-kernel:rbf,False,1,loky,mean(0.4*Acc_tr + 0.6*Acc_val),accuracy_cv,0.691046787173009,"{""C"": 0.8389244500811154, ""gamma"": 3.3245763970719766, ""kernel"": ""rbf""}"
svm,gwo,1,55,0.664297125482095,0.0,0.0,0.0,0.0,0.62448798848666,0.0,0.0,0.5203166699998292,0.0,cuml,True,False,gwo|svm|1|cuda|InfoGain_7|C:0.7396964498879759-gamma:7.146688752977755-kernel:rbf,False,1,loky,mean(0.4*Acc_tr + 0.6*Acc_val),accuracy_cv,0.7240108309752474,"{""C"": 0.7396964498879759, ""gamma"": 7.146688752977755, ""kernel"": ""rbf""}"
svm,gwo,1,56,0.659242909982289,0.0,0.0,0.0,0.0,0.6252629248311745,0.0,0.0,0.5829828280002403,0.0,cuml,True,False,gwo|svm|1|cuda|InfoGain_7|C:1.2540068764371763-gamma:4.260543453175232-kernel:rbf,False,1,loky,mean(0.4*Acc_tr + 0.6*Acc_val),accuracy_cv,0.7102128877089607,"{""C"": 1.2540068764371763, ""gamma"": 4.260543453175232, ""kernel"": ""rbf""}"
svm,gwo,1,57,0.6736965690184036,0.0,0.0,0.0,0.0,0.6159636886969998,0.0,0.0,0.5838355840000986,0.0,cuml,True,False,gwo|svm|1|cuda|InfoGain_7|C:1.0122998466721715-gamma:10.0-kernel:rbf,False,1,loky,mean(0.4*Acc_tr + 0.6*Acc_val),accuracy_cv,0.760295889500509,"{""C"": 1.0122998466721715, ""gamma"": 10.0, ""kernel"": ""rbf""}"
svm,gwo,1,58,0.6368793058897504,0.0,0.0,0.0,0.0,0.6364441492305989,0.0,0.0,0.5709962100004304,0.0,cuml,True,False,gwo|svm|1|cuda|InfoGain_7|C:1.1615054736305082-gamma:10.0-kernel:linear,False,1,loky,mean(0.4*Acc_tr + 0.6*Acc_val),accuracy_cv,0.6375320408784778,"{""C"": 1.1615054736305082, ""gamma"": 10.0, ""kernel"": ""linear""}"
svm,gwo,1,59,0.6728922138048343,0.0,0.0,0.0,0.0,0.6155208679287059,0.0,0.0,0.5658648210001047,0.0,cuml,True,False,gwo|svm|1|cuda|InfoGain_7|C:0.9762953641836121-gamma:10.0-kernel:rbf,False,1,loky,mean(0.4*Acc_tr + 0.6*Acc_val),accuracy_cv,0.7589492326190269,"{""C"": 0.9762953641836121, ""gamma"": 10.0, ""kernel"": ""rbf""}"
svm,gwo,1,60,0.673032453044423,0.0,0.0,0.0,0.0,0.6159636886969998,0.0,0.0,0.5878180419999808,0.0,cuml,True,False,gwo|svm|1|cuda|InfoGain_7|C:1.092390636720928-gamma:9.340042781428378-kernel:rbf,False,1,loky,mean(0.4*Acc_tr + 0.6*Acc_val),accuracy_cv,0.758635599565558,"{""C"": 1.092390636720928, ""gamma"": 9.340042781428378, ""kernel"": ""rbf""}"
svm,gwo,1,61,0.6516245573703926,0.0,0.0,0.0,0.0,0.6511679397763755,0.0,0.0,0.5219593720003104,0.0,cuml,True,False,gwo|svm|1|cuda|InfoGain_7|C:0.7922773046572472-gamma:8.603751480498213-kernel:linear,False,1,loky,mean(0.4*Acc_tr + 0.6*Acc_val),accuracy_cv,0.6523094837614183,"{""C"": 0.7922773046572472, ""gamma"": 8.603751480498213, ""kernel"": ""linear""}"
svm,gwo,1,62,0.6178092814609206,0.0,0.0,0.0,0.0,0.6165172146573674,0.0,0.0,0.5936051670000779,0.0,cuml,True,False,gwo|svm|1|cuda|InfoGain_7|C:1.1161040038115624-gamma:10.0-kernel:linear,False,1,loky,mean(0.4*Acc_tr + 0.6*Acc_val),accuracy_cv,0.6197473816662504,"{""C"": 1.1161040038115624, ""gamma"": 10.0, ""kernel"": ""linear""}"
svm,gwo,1,63,0.6746034743128729,0.0,0.0,0.0,0.0,0.610539134285398,0.0,0.0,0.6395303210001657,0.0,cuml,True,False,gwo|svm|1|cuda|InfoGain_7|C:1.3271822579251225-gamma:10.0-kernel:rbf,False,1,loky,mean(0.4*Acc_tr + 0.6*Acc_val),accuracy_cv,0.7706999843540855,"{""C"": 1.3271822579251225, ""gamma"": 10.0, ""kernel"": ""rbf""}"
svm,gwo,1,64,0.6516171680284228,0.0,0.0,0.0,0.0,0.650614413816008,0.0,0.0,0.5905113440003333,0.0,cuml,True,False,gwo|svm|1|cuda|InfoGain_7|C:1.4234552838232861-gamma:10.0-kernel:linear,False,1,loky,mean(0.4*Acc_tr + 0.6*Acc_val),accuracy_cv,0.653121299347045,"{""C"": 1.4234552838232861, ""gamma"": 10.0, ""kernel"": ""linear""}"
svm,gwo,1,65,0.6677126357771318,0.0,0.0,0.0,0.0,0.6178456769622495,0.0,0.0,0.5873603929999263,0.0,cuml,True,False,gwo|svm|1|cuda|InfoGain_7|C:1.1069764637340933-gamma:7.563723624411603-kernel:rbf,False,1,loky,mean(0.4*Acc_tr + 0.6*Acc_val),accuracy_cv,0.7425130739994553,"{""C"": 1.1069764637340933, ""gamma"": 7.563723624411603, ""kernel"": ""rbf""}"
svm,gwo,1,66,0.6357059546246733,0.0,0.0,0.0,0.0,0.6364441492305989,0.0,0.0,0.5913149469997734,0.0,cuml,True,False,gwo|svm|1|cuda|InfoGain_7|C:1.4207963936065273-gamma:9.55619229736646-kernel:linear,False,1,loky,mean(0.4*Acc_tr + 0.6*Acc_val),accuracy_cv,0.634598662715785,"{""C"": 1.4207963936065273, ""gamma"": 9.55619229736646, ""kernel"": ""linear""}"
svm,gwo,1,67,0.6161269313955232,0.0,0.0,0.0,0.0,0.6192848444592052,0.0,0.0,0.5775096150000536,0.0,cuml,True,False,gwo|svm|1|cuda|InfoGain_7|C:1.162447422214495-gamma:7.261486161342557-kernel:linear,False,1,loky,mean(0.4*Acc_tr + 0.6*Acc_val),accuracy_cv,0.6113900618000004,"{""C"": 1.162447422214495, ""gamma"": 7.261486161342557, ""kernel"": ""linear""}"
svm,gwo,1,68,0.6746034632846287,0.0,0.0,0.0,0.0,0.6104284290933245,0.0,0.0,0.6506509689997984,0.0,cuml,True,False,gwo|svm|1|cuda|InfoGain_7|C:1.3308911819280598-gamma:10.0-kernel:rbf,False,1,loky,mean(0.4*Acc_tr + 0.6*Acc_val),accuracy_cv,0.7708660145715851,"{""C"": 1.3308911819280598, ""gamma"": 10.0, ""kernel"": ""rbf""}"
svm,gwo,1,69,0.663108629174976,0.0,0.0,0.0,0.0,0.6201704859957932,0.0,0.0,0.6049000760003764,0.0,cuml,True,False,gwo|svm|1|cuda|InfoGain_7|C:1.3242016187655994-gamma:5.599575730812502-kernel:rbf,False,1,loky,mean(0.4*Acc_tr + 0.6*Acc_val),accuracy_cv,0.7275158439437505,"{""C"": 1.3242016187655994, ""gamma"": 5.599575730812502, ""kernel"": ""rbf""}"
svm,gwo,1,70,0.6651451427973196,0.0,0.0,0.0,0.0,0.6202811911878666,0.0,0.0,0.5904637329999787,0.0,cuml,True,False,gwo|svm|1|cuda|InfoGain_7|C:1.2646364012845281-gamma:6.124470342033409-kernel:rbf,False,1,loky,mean(0.4*Acc_tr + 0.6*Acc_val),accuracy_cv,0.732441070211499,"{""C"": 1.2646364012845281, ""gamma"": 6.124470342033409, ""kernel"": ""rbf""}"
svm,gwo,1,71,0.6402886532786679,0.0,0.0,0.0,0.0,0.6366655596147459,0.0,0.0,0.573349345999759,0.0,cuml,True,False,gwo|svm|1|cuda|InfoGain_7|C:1.1130594636035713-gamma:10.0-kernel:linear,False,1,loky,mean(0.4*Acc_tr + 0.6*Acc_val),accuracy_cv,0.6457232937745508,"{""C"": 1.1130594636035713, ""gamma"": 10.0, ""kernel"": ""linear""}"
svm,gwo,1,72,0.5935215634983674,0.0,0.0,0.0,0.0,0.5912764308646076,0.0,0.0,0.5940203449999899,0.0,cuml,True,False,gwo|svm|1|cuda|InfoGain_7|C:1.6345203653580764-gamma:10.0-kernel:linear,False,1,loky,mean(0.4*Acc_tr + 0.6*Acc_val),accuracy_cv,0.5968892624490071,"{""C"": 1.6345203653580764, ""gamma"": 10.0, ""kernel"": ""linear""}"
svm,gwo,1,73,0.6450932929225818,0.0,0.0,0.0,0.0,0.6449684490202591,0.0,0.0,0.6012990320000426,0.0,cuml,True,False,gwo|svm|1|cuda|InfoGain_7|C:1.530373014379486-gamma:9.075224906249712-kernel:linear,False,1,loky,mean(0.4*Acc_tr + 0.6*Acc_val),accuracy_cv,0.6452805587760659,"{""C"": 1.530373014379486, ""gamma"": 9.075224906249712, ""kernel"": ""linear""}"
svm,gwo,1,74,0.6425030818580256,0.0,0.0,0.0,0.0,0.6451898594044061,0.0,0.0,0.5797254689996407,0.0,cuml,True,False,gwo|svm|1|cuda|InfoGain_7|C:1.5690390204680689-gamma:7.47990222601874-kernel:linear,False,1,loky,mean(0.4*Acc_tr + 0.6*Acc_val),accuracy_cv,0.638472915538455,"{""C"": 1.5690390204680689, ""gamma"": 7.47990222601874, ""kernel"": ""linear""}"
svm,gwo,1,75,0.6359712549518505,0.0,0.0,0.0,0.0,0.6311303000110705,0.0,0.0,0.5796640399998978,0.0,cuml,True,False,gwo|svm|1|cuda|InfoGain_7|C:1.4614290506066168-gamma:9.85935681139977-kernel:linear,False,1,loky,mean(0.4*Acc_tr + 0.6*Acc_val),accuracy_cv,0.6432326873630205,"{""C"": 1.4614290506066168, ""gamma"": 9.85935681139977, ""kernel"": ""linear""}"
svm,gwo,1,76,0.6703978642874892,0.0,0.0,0.0,0.0,0.6130853537030886,0.0,0.0,0.6589889749998292,0.0,cuml,True,False,gwo|svm|1|cuda|InfoGain_7|C:1.5479934969117495-gamma:7.760375816263465-kernel:rbf,False,1,loky,mean(0.4*Acc_tr + 0.6*Acc_val),accuracy_cv,0.75636663016409,"{""C"": 1.5479934969117495, ""gamma"": 7.760375816263465, ""kernel"": ""rbf""}"
svm,gwo,1,77,0.5852412648738275,0.0,0.0,0.0,0.0,0.5847448245322706,0.0,0.0,0.6003586030001316,0.0,cuml,True,False,gwo|svm|1|cuda|InfoGain_7|C:1.791299105950033-gamma:7.357097284188171-kernel:linear,False,1,loky,mean(0.4*Acc_tr + 0.6*Acc_val),accuracy_cv,0.585985925386163,"{""C"": 1.791299105950033, ""gamma"": 7.357097284188171, ""kernel"": ""linear""}"
svm,gwo,1,78,0.6688341428907078,0.0,0.0,0.0,0.0,0.6171814458098085,0.0,0.0,0.6158231120002711,0.0,cuml,True,False,gwo|svm|1|cuda|InfoGain_7|C:1.4684151466403232-gamma:6.865416321429912-kernel:rbf,False,1,loky,mean(0.4*Acc_tr + 0.6*Acc_val),accuracy_cv,0.7463131885120569,"{""C"": 1.4684151466403232, ""gamma"": 6.865416321429912, ""kernel"": ""rbf""}"
svm,gwo,1,79,0.6732236052597323,0.0,0.0,0.0,0.0,0.6104284290933245,0.0,0.0,0.6363564819998828,0.0,cuml,True,False,gwo|svm|1|cuda|InfoGain_7|C:1.3461156567833907-gamma:9.463431165109434-kernel:rbf,False,1,loky,mean(0.4*Acc_tr + 0.6*Acc_val),accuracy_cv,0.7674163695093442,"{""C"": 1.3461156567833907, ""gamma"": 9.463431165109434, ""kernel"": ""rbf""}"
svm,gwo,1,80,0.6744854582021719,0.0,0.0,0.0,0.0,0.610760544669545,0.0,0.0,0.6475305609997122,0.0,cuml,True,False,gwo|svm|1|cuda|InfoGain_7|C:1.5356976281226027-gamma:9.20253295975687-kernel:rbf,False,1,loky,mean(0.4*Acc_tr + 0.6*Acc_val),accuracy_cv,0.770072828501112,"{""C"": 1.5356976281226027, ""gamma"": 9.20253295975687, ""kernel"": ""rbf""}"
svm,gwo,1,81,0.6208800013407472,0.0,0.0,0.0,0.0,0.6289161961696004,0.0,0.0,0.5652631160000965,0.0,cuml,True,False,gwo|svm|1|cuda|InfoGain_7|C:1.355109225103163-gamma:10.0-kernel:linear,False,1,loky,mean(0.4*Acc_tr + 0.6*Acc_val),accuracy_cv,0.6088257090974675,"{""C"": 1.355109225103163, ""gamma"": 10.0, ""kernel"": ""linear""}"
svm,gwo,1,82,0.6704129149542616,0.0,0.0,0.0,0.0,0.6152994575445588,0.0,0.0,0.6469174409999141,0.0,cuml,True,False,gwo|svm|1|cuda|InfoGain_7|C:1.6074399460749311-gamma:7.201279471139143-kernel:rbf,False,1,loky,mean(0.4*Acc_tr + 0.6*Acc_val),accuracy_cv,0.7530831010688157,"{""C"": 1.6074399460749311, ""gamma"": 7.201279471139143, ""kernel"": ""rbf""}"
svm,gwo,1,83,0.6752674457135738,0.0,0.0,0.0,0.0,0.6096534927488099,0.0,0.0,0.6686111550002352,0.0,cuml,True,False,gwo|svm|1|cuda|InfoGain_7|C:1.5557157558952088-gamma:9.602713681955064-kernel:rbf,False,1,loky,mean(0.4*Acc_tr + 0.6*Acc_val),accuracy_cv,0.7736883751607194,"{""C"": 1.5557157558952088, ""gamma"": 9.602713681955064, ""kernel"": ""rbf""}"
svm,gwo,1,84,0.6708995289236785,0.0,0.0,0.0,0.0,0.6123104173585742,0.0,0.0,0.664086073999897,0.0,cuml,True,False,gwo|svm|1|cuda|InfoGain_7|C:1.5783345720587787-gamma:7.925586634173842-kernel:rbf,False,1,loky,mean(0.4*Acc_tr + 0.6*Acc_val),accuracy_cv,0.7587831962713353,"{""C"": 1.5783345720587787, ""gamma"": 7.925586634173842, ""kernel"": ""rbf""}"
svm,gwo,1,85,0.5916552839737981,0.0,0.0,0.0,0.0,0.5999114358463412,0.0,0.0,0.5971045229998708,0.0,cuml,True,False,gwo|svm|1|cuda|InfoGain_7|C:1.607764014719971-gamma:8.667957355056572-kernel:linear,False,1,loky,mean(0.4*Acc_tr + 0.6*Acc_val),accuracy_cv,0.5792710561649833,"{""C"": 1.607764014719971, ""gamma"": 8.667957355056572, ""kernel"": ""linear""}"
svm,gwo,1,86,0.676403805007494,0.0,0.0,0.0,0.0,0.609874903132957,0.0,0.0,0.6654920500000117,0.0,cuml,True,False,gwo|svm|1|cuda|InfoGain_7|C:1.5310764103490584-gamma:10.0-kernel:rbf,False,1,loky,mean(0.4*Acc_tr + 0.6*Acc_val),accuracy_cv,0.7761971578192993,"{""C"": 1.5310764103490584, ""gamma"": 10.0, ""kernel"": ""rbf""}"
svm,gwo,1,87,0.6703242638149262,0.0,0.0,0.0,0.0,0.6147459315841913,0.0,0.0,0.6626123410001128,0.0,cuml,True,False,gwo|svm|1|cuda|InfoGain_7|C:1.4319213559403408-gamma:7.677402690352968-kernel:rbf,False,1,loky,mean(0.4*Acc_tr + 0.6*Acc_val),accuracy_cv,0.7536917621610284,"{""C"": 1.4319213559403408, ""gamma"": 7.677402690352968, ""kernel"": ""rbf""}"
svm,gwo,1,88,0.6737180104375522,0.0,0.0,0.0,0.0,0.6104284290933245,0.0,0.0,0.6687009050001507,0.0,cuml,True,False,gwo|svm|1|cuda|InfoGain_7|C:1.5296853229366207-gamma:9.046067312274468-kernel:rbf,False,1,loky,mean(0.4*Acc_tr + 0.6*Acc_val),accuracy_cv,0.7686523824538937,"{""C"": 1.5296853229366207, ""gamma"": 9.046067312274468, ""kernel"": ""rbf""}"
svm,gwo,1,89,0.6758947216328887,0.0,0.0,0.0,0.0,0.610317723901251,0.0,0.0,0.6532650939998348,0.0,cuml,True,False,gwo|svm|1|cuda|InfoGain_7|C:1.4536932635529516-gamma:10.0-kernel:rbf,False,1,loky,mean(0.4*Acc_tr + 0.6*Acc_val),accuracy_cv,0.774260218230345,"{""C"": 1.4536932635529516, ""gamma"": 10.0, ""kernel"": ""rbf""}"
svm,gwo,1,90,0.6757028599973278,0.0,0.0,0.0,0.0,0.6102070187091774,0.0,0.0,0.6415457579996655,0.0,cuml,True,False,gwo|svm|1|cuda|InfoGain_7|C:1.4451420982085108-gamma:10.0-kernel:rbf,False,1,loky,mean(0.4*Acc_tr + 0.6*Acc_val),accuracy_cv,0.7739466219295535,"{""C"": 1.4451420982085108, ""gamma"": 10.0, ""kernel"": ""rbf""}"
svm,gwo,1,91,0.6768168883336214,0.0,0.0,0.0,0.0,0.6086571460201484,0.0,0.0,0.6680034850000993,0.0,cuml,True,False,gwo|svm|1|cuda|InfoGain_7|C:1.659853769650765-gamma:10.0-kernel:rbf,False,1,loky,mean(0.4*Acc_tr + 0.6*Acc_val),accuracy_cv,0.7790565018038311,"{""C"": 1.659853769650765, ""gamma"": 10.0, ""kernel"": ""rbf""}"
svm,gwo,1,92,0.6741384855504036,0.0,0.0,0.0,0.0,0.6095427875567364,0.0,0.0,0.6421692869998878,0.0,cuml,True,False,gwo|svm|1|cuda|InfoGain_7|C:1.5922009714827734-gamma:9.192515211224796-kernel:rbf,False,1,loky,mean(0.4*Acc_tr + 0.6*Acc_val),accuracy_cv,0.7710320325409041,"{""C"": 1.5922009714827734, ""gamma"": 9.192515211224796, ""kernel"": ""rbf""}"
svm,gwo,1,93,0.676816808694412,0.0,0.0,0.0,0.0,0.6081036200597808,0.0,0.0,0.6877626200002851,0.0,cuml,True,False,gwo|svm|1|cuda|InfoGain_7|C:1.6992594536063717-gamma:10.0-kernel:rbf,False,1,loky,mean(0.4*Acc_tr + 0.6*Acc_val),accuracy_cv,0.7798865916463585,"{""C"": 1.6992594536063717, ""gamma"": 10.0, ""kernel"": ""rbf""}"
svm,gwo,1,94,0.6767652598103048,0.0,0.0,0.0,0.0,0.6088785564042954,0.0,0.0,0.6871816859998034,0.0,cuml,True,False,gwo|svm|1|cuda|InfoGain_7|C:1.6347889190050864-gamma:10.0-kernel:rbf,False,1,loky,mean(0.4*Acc_tr + 0.6*Acc_val),accuracy_cv,0.7785953149193189,"{""C"": 1.6347889190050864, ""gamma"": 10.0, ""kernel"": ""rbf""}"
svm,gwo,1,95,0.6767578619003047,0.0,0.0,0.0,0.0,0.6086571460201484,0.0,0.0,0.6606522640004187,0.0,cuml,True,False,gwo|svm|1|cuda|InfoGain_7|C:1.6496645364156302-gamma:10.0-kernel:rbf,False,1,loky,mean(0.4*Acc_tr + 0.6*Acc_val),accuracy_cv,0.7789089357205393,"{""C"": 1.6496645364156302, ""gamma"": 10.0, ""kernel"": ""rbf""}"
svm,gwo,1,96,0.6766176949542722,0.0,0.0,0.0,0.0,0.6089892615963689,0.0,0.0,0.6840045869998903,0.0,cuml,True,False,gwo|svm|1|cuda|InfoGain_7|C:1.5961618090937717-gamma:10.0-kernel:rbf,False,1,loky,mean(0.4*Acc_tr + 0.6*Acc_val),accuracy_cv,0.7780603449911269,"{""C"": 1.5961618090937717, ""gamma"": 10.0, ""kernel"": ""rbf""}"
svm,gwo,1,97,0.6762710126885273,0.0,0.0,0.0,0.0,0.6100963135171039,0.0,0.0,0.6842705240001123,0.0,cuml,True,False,gwo|svm|1|cuda|InfoGain_7|C:1.569060519634113-gamma:9.763317034816525-kernel:rbf,False,1,loky,mean(0.4*Acc_tr + 0.6*Acc_val),accuracy_cv,0.7755330614456621,"{""C"": 1.569060519634113, ""gamma"": 9.763317034816525, ""kernel"": ""rbf""}"
svm,gwo,1,98,0.6766987742057445,0.0,0.0,0.0,0.0,0.6082143252518543,0.0,0.0,0.6677298690001408,0.0,cuml,True,False,gwo|svm|1|cuda|InfoGain_7|C:1.6727985893667308-gamma:10.0-kernel:rbf,False,1,loky,mean(0.4*Acc_tr + 0.6*Acc_val),accuracy_cv,0.7794254476365801,"{""C"": 1.6727985893667308, ""gamma"": 10.0, ""kernel"": ""rbf""}"
svm,gwo,1,99,0.6766102737670336,0.0,0.0,0.0,0.0,0.6086571460201483,0.0,0.0,0.6841724050000266,0.0,cuml,True,False,gwo|svm|1|cuda|InfoGain_7|C:1.6178130720738395-gamma:10.0-kernel:rbf,False,1,loky,mean(0.4*Acc_tr + 0.6*Acc_val),accuracy_cv,0.7785399653873616,"{""C"": 1.6178130720738395, ""gamma"": 10.0, ""kernel"": ""rbf""}"
svm,gwo,1,100,0.6765807556502894,0.0,0.0,0.0,0.0,0.6086571460201483,0.0,0.0,0.6754846690000704,0.0,cuml,True,False,gwo|svm|1|cuda|InfoGain_7|C:1.617002818777797-gamma:10.0-kernel:rbf,False,1,loky,mean(0.4*Acc_tr + 0.6*Acc_val),accuracy_cv,0.7784661700955011,"{""C"": 1.617002818777797, ""gamma"": 10.0, ""kernel"": ""rbf""}"
